ds,yhat,yhat_lower,yhat_upper
2024-01-01,401.25459047751383,-491.87054686433163,1398.361403871756
2024-01-02,381.20886313332727,-574.8442129669961,1285.440645498996
2024-01-03,374.9459601238612,-585.6065753717096,1304.5004983863864
2024-01-04,329.86129884452174,-670.8002560727074,1344.2335690648947
2024-01-05,232.58462250479766,-699.0906988265649,1211.6280637865918
2024-01-06,328.6721367499606,-694.7552871991109,1264.0408815794437
2024-01-07,285.8498703380686,-639.9315085969533,1282.6833377905125
2024-01-08,264.28601257280184,-694.8267610577852,1211.3339928943635
2024-01-09,247.2133479427171,-665.1704286710448,1248.738178328932
2024-01-10,245.66744470761387,-613.7526147890968,1207.630506709
2024-01-11,206.90336796173887,-753.4353396991925,1123.1293666253498
2024-01-12,117.37817945810914,-843.1696866850663,964.3899965852511
2024-01-13,222.44851705122022,-691.002071412467,1184.9775737898335
2024-01-14,189.6199886057841,-823.9316110441256,1146.1619123200212
2024-01-15,178.82594461512335,-802.7448404920206,1100.9735126039052
2024-01-16,173.05655334938618,-803.0108301885857,1061.4439927986543
2024-01-17,183.10363650812388,-644.0386732382933,1100.012879652659
2024-01-18,155.9838411033696,-719.0627424702989,1121.6009830065389
2024-01-19,77.92722485086165,-910.9896973982774,969.6114062173988
2024-01-20,194.08037820359866,-761.5479966333664,1121.424004636902
2024-01-21,171.76066837237695,-763.376361144017,1154.7232522940685
2024-01-22,170.73904452706685,-696.6783644063119,1131.8455820601587
2024-01-23,173.87223083729864,-778.7617128187233,1072.7565022020165
2024-01-24,191.84969856537572,-661.5086961003034,1152.3608843950674
2024-01-25,171.61795811547609,-741.6495510089567,1096.944956755508
2024-01-26,249.3298564626214,-779.9522122438452,1217.0035266531845
2024-01-27,220.24375910358646,-753.0080268926649,1180.1776295218817
2024-01-28,201.58208262877753,-733.3029909874883,1181.0744695071298
2024-01-29,203.2053373037838,-743.2313420821462,1170.735675535795
2024-01-30,208.04398693802716,-750.2253674653939,1170.7281783904186
2024-01-31,226.88082971573812,-644.5020793702289,1149.7232976060218
2024-02-01,206.7708654253052,-793.2597657035537,1167.4515517320033
2024-02-02,134.02527104364833,-864.0591698555925,1041.3573966789677
2024-02-03,253.9088063652695,-717.6305013056732,1123.3402956858292
2024-02-04,233.8874597281738,-681.5429332009305,1189.5361217924005
2024-02-05,233.9040221835291,-715.6384984731661,1105.8653035909813
2024-02-06,237.00267979044776,-689.1972744155164,1211.870099769706
2024-02-07,254.0682836477475,-725.1142210770956,1238.8197374085044
2024-02-08,232.24310342622027,-696.3452777265626,1182.9040545100038
2024-02-09,157.908392005735,-766.2161509359125,1101.0485885604137
2024-02-10,276.38014630052885,-596.307532478341,1165.8635880724432
2024-02-11,255.15591429682314,-645.3923573281022,1189.1930165867127
2024-02-12,254.19034611431158,-631.6072043097894,1181.3180045787217
2024-02-13,256.520559762703,-656.6721707792564,1200.3972038368215
2024-02-14,273.0069343905532,-648.8628887552219,1204.9227632386492
2024-02-15,250.7520640404081,-692.7732514098756,1218.0737902934475
2024-02-16,176.08510353556807,-790.4592668772839,1180.6524036214373
2024-02-17,294.26077587325506,-618.7178818970589,1212.7800850073452
2024-02-18,272.70975983298456,-629.2323587623982,1196.6529289741982
2024-02-19,271.31801330625115,-554.4338786463582,1189.0667407382057
2024-02-20,273.0559547300462,-685.8225928578718,1229.7150447955964
2024-02-21,288.72296630992696,-672.6477998168928,1158.2094712493554
2024-02-22,265.3698073031412,-659.2770132248858,1211.6774950102372
2024-02-23,189.28603367473048,-816.121521841812,1177.4259438570982
2024-02-24,305.7015723020538,-614.7796223763866,1231.4913529497544
2024-02-25,282.0390656450986,-621.0209098612952,1265.833757206341
2024-02-26,278.1944615963587,-639.9310125458827,1266.946476871167
2024-02-27,277.1667150205743,-709.6355097558903,1133.5840713688817
2024-02-28,289.80203526351227,-595.2533124778575,1241.4205369896442
2024-02-29,263.2152696477836,-655.6765025956656,1218.6778751552292
2024-03-01,183.77554179995698,-696.7870014929208,1145.3997771341283
2024-03-02,296.80535318080456,-693.1038813439322,1224.7126949599426
2024-03-03,269.82984228362966,-648.3783918273901,1262.2322135669503
2024-03-04,262.853781111756,-692.8070364623925,1083.8743051783426
2024-03-05,258.9872998030622,-692.6738375778738,1127.5697456558717
2024-03-06,269.18591438813155,-710.7605905580085,1228.7342610711355
2024-03-07,240.6675966144198,-652.051532910882,1188.5330236553789
2024-03-08,-232.56838040964055,-1169.8040625427413,676.4043530443557
2024-03-09,272.2663745135013,-672.8676981170428,1234.641139524371
2024-03-10,245.3695083724855,-630.6350089149734,1157.5725583441617
2024-03-11,239.2472733172313,-616.0639197440711,1157.278881849383
2024-03-12,237.02503924588282,-673.1774722465691,1192.8142889472956
2024-03-13,249.6481542050225,-715.8537366736086,1198.736743596367
2024-03-14,224.29814302404228,-717.0244393324706,1163.543847080173
2024-03-15,147.3741312161551,-803.293882490952,1020.2636698372569
2024-03-16,264.1888841780784,-621.5353949989429,1223.458358930181
2024-03-17,242.2163095409462,-723.8661443192441,1152.549509908297
2024-03-18,241.3681109723372,-729.1447671973575,1166.0112908408694
2024-03-19,244.62064718215115,-716.6777132425461,1217.653619590743
2024-03-20,262.7575845736842,-684.0471972326974,1199.9780432663208
2024-03-21,242.79104493360165,-737.2333501816871,1164.003265570865
2024-03-22,170.94844115442254,-740.0389625222043,1146.8531404348494
2024-03-23,292.3742251302932,-665.2441504103298,1276.9479629974658
2024-03-24,274.3832152641329,-680.6884951261547,1177.0748975848092
2024-03-25,276.74300245927805,-654.2577938546245,1236.2525379669119
2024-03-26,282.306295868016,-663.7445042438343,1234.2762053622557
2024-03-27,301.75860741928835,-645.7879157948464,1243.3829217438624
2024-03-28,282.04379171088067,-781.6037939665625,1258.2312253750638
2024-03-29,454.4247242871181,-469.2864792928776,1391.404693817247
2024-03-30,328.83652924143394,-567.5783421354479,1280.1057132208346
2024-03-31,307.84382014365383,-691.1923974559784,1310.0026807749346
2024-04-01,306.2212281295586,-676.5294130628007,1251.8122259551508
2024-04-02,306.93614305843835,-604.8796469838406,1248.4798985661396
2024-04-03,320.82418064957494,-584.9616761083057,1257.2623786731338
2024-04-04,295.01153970115666,-637.2760166452044,1203.6277203994057
2024-04-05,215.9011037841421,-626.2921424674095,1146.1122075198386
2024-04-06,328.8714628279732,-670.0739396290542,1253.1327543063628
2024-04-07,301.52553443899717,-592.3565594175528,1251.125644315798
2024-04-08,293.9663585433482,-652.2944505166324,1245.8381639470995
2024-04-09,289.4210629670232,-690.2317960817599,1222.7143683645172
2024-04-10,298.97859433329756,-595.7922494797082,1246.3522309585787
2024-04-11,34.877265504405784,-909.6225034096524,941.9805649792692
2024-04-12,189.116484780613,-771.033792034076,1100.9252386652424
2024-04-13,301.88096827964273,-727.26527656699,1229.9189416582517
2024-04-14,276.0495496356999,-586.3501908834677,1205.8575327707988
2024-04-15,271.83119312585154,-734.5116577089751,1294.778413214967
2024-04-16,272.510534339179,-589.8589502627938,1243.2180655430589
2024-04-17,289.18168805077187,-601.5210532024029,1245.283217885093
2024-04-18,269.15996750171826,-683.3658241837367,1195.9635265014638
2024-04-19,198.9589582049383,-697.1301567524434,1076.541812876679
2024-04-20,323.98244122617257,-592.6826106130832,1272.1082592625582
2024-04-21,-95.88065143425513,-1027.9603506883564,812.1354584223358
2024-04-22,322.26092192366013,-640.5950083710331,1240.5916425216162
2024-04-23,338.4370741689354,-591.3324943337728,1306.5931703837564
2024-04-24,371.0445418758757,-550.5721176828686,1352.5266310942425
2024-04-25,367.022690462067,-595.588923840791,1340.9224865586418
2024-04-26,312.4883786161465,-573.5556945676957,1254.9503921334901
2024-04-27,452.437764751959,-472.5722472951377,1372.1191677385966
2024-04-28,454.0005290015479,-462.0187713673997,1412.9897010721268
2024-04-29,476.72402011084574,-506.7529904289585,1366.332892469473
2024-04-30,503.20818403586173,-471.2752961263848,1446.0547746154566
2024-05-01,543.856649153374,-379.7141356240218,1461.0051051105495
2024-05-02,545.3064460312993,-354.18101481778115,1458.9693828413256
2024-05-03,493.42332776299423,-518.5378536611331,1419.083954442544
2024-05-04,633.0116909076286,-318.02794580554246,1598.7738642586617
2024-05-05,631.0755496073342,-280.62626796301976,1623.1909351390332
2024-05-06,647.1078622144901,-281.7003649149744,1589.0972473968227
2024-05-07,663.7288930327949,-318.287005998223,1551.5792247766965
2024-05-08,691.4388554607774,-192.2250669213199,1673.316189870087
2024-05-09,677.0472350891057,-263.30142288712335,1594.5533652677832
2024-05-10,606.6657315994222,-293.0189523383079,1538.7533958710599
2024-05-11,725.4138460785916,-236.55310077155923,1627.0413152109925
2024-05-12,700.6736466976713,-202.21913219481354,1670.467452623282
2024-05-13,692.3711447461116,-242.2544708024711,1612.9486076402882
2024-05-14,683.6051456537089,-251.9803744353363,1614.4251083548177
2024-05-15,685.389048232606,-293.50208849578405,1541.265543466681
2024-05-16,645.0682569244276,-195.6596888921761,1588.4828768580876
2024-05-17,549.3004444841398,-459.5665660621217,1469.6139422905594
2024-05-18,643.7480148848283,-338.8587091014755,1603.3594932373487
2024-05-19,596.3196384603463,-362.0994988493018,1516.1119940477688
2024-05-20,567.4386371671465,-410.05240092230974,1463.9560046848135
2024-05-21,540.6594278323028,-430.0028270809774,1462.0297877607463
2024-05-22,527.3978277999864,-291.4610937199947,1496.8797987954522
2024-05-23,920.1931108165923,-35.19849507210976,1832.4281607735768
2024-05-24,371.23356369257385,-567.7260623235436,1376.137491127728
2024-05-25,461.105185874362,-522.7026281763344,1358.0397202109432
2024-05-26,412.9648928451658,-526.3549980645843,1359.7365838498804
2024-05-27,387.2518564480853,-625.8367654913241,1320.6536981364866
2024-05-28,367.4482316312683,-635.1480968335197,1291.175142421162
2024-05-29,364.81087497267856,-659.615166566811,1340.3792401741746
2024-05-30,326.7820914850066,-629.7033438110774,1262.3661230467449
2024-05-31,239.96684330068592,-752.8297287938487,1169.6956996262368
2024-06-01,349.8258714691291,-642.5078213142912,1275.7587049597219
2024-06-02,323.92160629274974,-577.7982068306767,1268.6270332983236
2024-06-03,322.1945486856845,-672.2761915308097,1283.653344763905
2024-06-04,327.59113828162367,-586.0524835200871,1188.7603096056373
2024-06-05,350.8086284990377,-596.0806394693485,1287.2625569046654
2024-06-06,338.71957426032606,-649.2322099582417,1315.361156012076
2024-06-07,277.3630056397326,-719.6693311483422,1306.136329606446
2024-06-08,411.6513718185438,-480.87357928569656,1304.6407462859906
2024-06-09,408.6297673687025,-521.4018340225987,1375.5755343601516
2024-06-10,427.76477340709295,-492.29273251014564,1400.1310319012362
2024-06-11,451.583602438528,-603.1779230096863,1339.7241978996492
2024-06-12,490.42877226592094,-394.79928020047083,1430.995001077825
2024-06-13,490.8906600143157,-492.54656248311574,1423.5311388261982
2024-06-14,438.8048021272547,-554.9543863674899,1353.338932912181
2024-06-15,578.9628702538906,-443.84500890147865,1528.6780968076896
2024-06-16,578.373737817366,-327.71876379394934,1563.0940386611067
2024-06-17,1771.4179309854824,802.6199413921034,2734.7123146088206
2024-06-18,616.154186881721,-310.8779086759762,1551.6790118372141
2024-06-19,647.7293969396565,-271.6945966208276,1524.1797793613175
2024-06-20,638.1444802547558,-299.79687515913145,1578.4025357822777
2024-06-21,573.3242171505216,-335.38121548033905,1419.3780201870698
2024-06-22,698.6991431950864,-212.57135624724995,1648.9720480167111
2024-06-23,681.7084031158217,-186.62611102669996,1572.321249215673
2024-06-24,682.3249704765037,-206.7000972582904,1607.886464071802
2024-06-25,683.67939375119,-206.7744104269528,1609.632238420706
2024-06-26,696.7967152495191,-293.24114857657383,1668.2689410993273
2024-06-27,669.009418638817,-336.57235508639155,1643.2955418112876
2024-06-28,586.9338240864848,-361.7721539277046,1520.2486875493973
2024-06-29,696.1594470037203,-219.8709575533532,1621.0287627163877
2024-06-30,664.4883377296951,-267.83069847477907,1592.5990648846168
2024-07-01,652.2022994440209,-337.0697575110265,1616.908671728086
2024-07-02,642.6792814918027,-277.7925302467159,1650.941738325804
2024-07-03,647.1248083583213,-291.23563008275204,1518.3748675840309
2024-07-04,612.9814389607881,-298.0176081435836,1576.6009705241036
2024-07-05,526.903756482327,-476.64134426281026,1414.8476142430425
2024-07-06,634.4484260597251,-314.22924587979367,1532.838214511641
2024-07-07,603.3162986584738,-347.27756371255197,1514.3366261587178
2024-07-08,593.6243603611294,-452.8228765214875,1455.375917696508
2024-07-09,588.5286700563718,-297.0088124197769,1540.8079975861688
2024-07-10,598.9639400063289,-431.8312489520439,1537.1091122789055
2024-07-11,572.062502644753,-366.7250996631191,1505.2688045111774
2024-07-12,494.1398742575708,-535.0388441415668,1437.5350625502201
2024-07-13,610.3961334753586,-237.07893619324173,1656.5992686000977
2024-07-14,588.1697529233492,-316.91494269298886,1542.460250234244
2024-07-15,587.2213325414679,-407.0253694229445,1418.5996893102058
2024-07-16,590.3680262398898,-439.80616892692643,1529.5208676900188
2024-07-17,64.38854199104469,-864.9281612443656,979.2021006690387
2024-07-18,587.6791647883159,-307.79025600976803,1533.5461470979078
2024-07-19,514.7936343410496,-385.86456126097596,1462.206547817231
2024-07-20,634.3281435016752,-269.65977090035625,1601.8529091380879
2024-07-21,613.7869303656357,-268.7277175334066,1621.3435813333192
2024-07-22,612.8814603381195,-314.51014935098686,1579.2439413662582
2024-07-23,614.4442326286477,-340.2263900379961,1557.5726217734648
2024-07-24,629.1787213818886,-301.9152240989248,1512.2294084037887
2024-07-25,604.0857232181188,-318.66573295957187,1555.747640082999
2024-07-26,525.4531009602531,-314.38486923583304,1500.4207085691344
2024-07-27,638.5580153642521,-350.5445021043055,1516.5032728748495
2024-07-28,610.9182556020043,-293.1808002634163,1568.5385136899536
2024-07-29,602.5701887332814,-374.7017603351611,1524.777151785341
2024-07-30,596.6942889287617,-319.10880768368827,1563.1077830962165
2024-07-31,604.3538207827255,-336.1033748684667,1550.582363076066
2024-08-01,572.9094443961121,-325.26081886116054,1506.9314237765404
2024-08-02,488.99708107786125,-433.1154117798743,1456.023993723475
2024-08-03,598.218485971444,-368.61442275874737,1579.2517857755297
2024-08-04,568.3814880100332,-417.3329600585827,1430.1544854763663
2024-08-05,559.7677521500697,-411.8256503440826,1451.3121803929268
2024-08-06,555.7493346750341,-389.9986468078841,1415.1896572540436
2024-08-07,567.5198822577258,-346.35620609641364,1491.234008640605
2024-08-08,542.5034770258478,-345.74544498269694,1450.9250826529494
2024-08-09,467.32865239381914,-401.33791484063414,1435.0795740203548
2024-08-10,587.5171576873372,-369.10864945903927,1544.2150265798684
2024-08-11,570.7245055409833,-383.0201841137156,1504.6978960307213
2024-08-12,577.0101701046109,-390.03656094662347,1486.3298231760327
2024-08-13,589.4586588731432,-277.6167230635118,1485.3170762215486
2024-08-14,618.9172008950718,-317.9243001881389,1528.0640812829654
2024-08-15,686.5769526042942,-263.9833884323981,1600.7636773463903
2024-08-16,556.1365805430465,-247.33411315584343,1549.0096752654035
2024-08-17,694.905566621268,-215.6410964437332,1615.6549562859616
2024-08-18,696.1282861054823,-235.87314726196658,1666.1639483745155
2024-08-19,719.375513275793,-224.4433559062516,1609.7472508663643
2024-08-20,747.2519963187849,-160.3068423377551,1669.563903034887
2024-08-21,790.1473657127308,-159.99986595142423,1686.6684500040958
2024-08-22,794.6660927201809,-119.70579563842306,1770.7588609024733
2024-08-23,746.6234458274884,-224.39336535163767,1650.2457280760295
2024-08-24,890.7564189628422,33.043023483412554,1857.3060067385804
2024-08-25,893.9860508670749,-25.319196181140214,1826.7955217682231
2024-08-26,594.6767072682885,-410.11475974940566,1464.2351807321002
2024-08-27,938.4347855244125,-62.287496169177906,1944.8026977398824
2024-08-28,972.5465792022728,24.940819877866893,1903.8409643048574
2024-08-29,964.7267553960755,33.56483096860723,1909.2261335112105
2024-08-30,900.9552306339506,-42.58158274209353,1859.3230778557843
2024-08-31,1026.216884397044,70.0862172090871,2003.2961290905619
2024-09-01,1007.7587743739622,39.97289382803797,1882.0288606068823
2024-09-02,1005.3739281654905,117.89476895824049,1937.9484773943104
2024-09-03,1002.0325331374711,15.052190926356387,1910.463215957624
2024-09-04,1008.6259584106722,-35.310593596257846,1929.06641115789
2024-09-05,972.3862386536032,96.45807264126032,1921.3760149725133
2024-09-06,879.8682265239122,-59.60319620018117,1845.9285462153632
2024-09-07,976.6437376485771,36.442161095794184,1890.8370984364647
2024-09-08,930.544539085195,-1.4009796640721515,1835.2738493103552
2024-09-09,901.9319428171943,-97.7595024668681,1844.3229238135866
2024-09-10,874.3142004810841,-110.86381318339066,1779.1032165284873
2024-09-11,859.0774964851945,-154.85486476751493,1824.5668675799996
2024-09-12,803.8935111344844,-160.9480327916815,1803.8072080893037
2024-09-13,695.6910719469223,-222.7272553798341,1649.7187703295058
2024-09-14,780.3414893617754,-116.93470604114172,1734.6789899254704
2024-09-15,725.7361503078271,-139.3778696348453,1713.6170178888262
2024-09-16,852.8529177347102,-11.09148646949231,1864.964069287627
2024-09-17,664.264941602217,-290.7042569781483,1551.1928128771829
2024-09-18,652.2907890652324,-306.432479637842,1584.7426447291264
2024-09-19,604.1429766664535,-327.0461125377038,1602.9749639296442
2024-09-20,506.53422777190895,-390.6526782440498,1483.3049725595977
2024-09-21,605.0429068639282,-364.05130182424847,1515.4478598854741
2024-09-22,567.3572017584775,-328.003427013498,1490.9850292167907
2024-09-23,553.5496636050503,-362.24449776960296,1522.0907513566797
2024-09-24,546.7031452385162,-454.5923758343304,1456.4276624041142
2024-09-25,557.6536840829083,-320.19965975835623,1467.253070662713
2024-09-26,533.4129623285426,-339.27922782203933,1508.0516492630102
2024-09-27,460.1574455767163,-487.2678806685256,1392.2931292878025
2024-09-28,582.9333129502002,-362.89226434221814,1559.1039128981351
2024-09-29,568.9137198160188,-367.34925947384164,1525.322252135107
2024-09-30,577.6857549998806,-420.98773486288985,1472.8952895618852
2024-10-01,591.8878105540949,-361.89782055687897,1480.1923707932228
2024-10-02,855.3274616923969,-133.36849898449015,1810.7108265897268
2024-10-03,614.5883312947561,-297.3955252241952,1550.707023950206
2024-10-04,555.6745445895074,-412.45043955135037,1409.3175135021725
2024-10-05,690.0722060553189,-276.17216875305246,1664.1046964730283
2024-10-06,684.8338574676295,-278.5830289170921,1626.268896602312
2024-10-07,699.5015176504278,-238.74062969060424,1607.8760216930218
2024-10-08,716.7429357763112,-272.1731914690099,1705.4581913372542
2024-10-09,747.1015345870928,-171.02926465758452,1694.8528870661555
2024-10-10,737.422542094238,-215.52241584204825,1633.3067220666424
2024-10-11,673.8423736899135,-261.60692817216017,1697.941708923203
2024-10-12,781.466543734803,-174.48999649887418,1740.0855592357516
2024-10-13,787.7400230468954,-172.11416187672737,1682.1761453512727
2024-10-14,792.4255673923855,-279.5979503155435,1721.8470440985411
2024-10-15,798.649135747412,-111.84446490840534,1737.876486541076
2024-10-16,817.338000856178,-208.61983191262416,1766.253397901859
2024-10-17,795.7199544243089,-181.32571275190756,1684.1543048874166
2024-10-18,720.301809349795,-174.12777641142566,1658.0483261347572
2024-10-19,836.5609505106536,-144.83760241531584,1771.4033042082021
2024-10-20,812.1869039249675,-145.16633203802914,1774.7031615875876
2024-10-21,807.3507715426524,-164.03970765098225,1654.3636136981677
2024-10-22,805.3237774412215,-102.3480999923094,1716.915009189823
2024-10-23,817.2107341003195,-161.15479566416465,1724.92810140365
2024-10-24,790.3613730259839,-165.71873242222412,1767.6468916229871
2024-10-25,711.346992059105,-194.41510748644959,1656.4780626726906
2024-10-26,825.6519126672584,-124.35051904533911,1758.626346541025
2024-10-27,800.9166867414576,-82.89151168737227,1799.003308707934
2024-10-28,797.2108197415859,-147.20660458833174,1778.2351722118992
2024-10-29,797.6561283910028,-122.28151107056547,1770.8783296881377
2024-10-30,813.166371157351,-77.4624612184341,1790.4975362861283
2024-10-31,101.02444163736993,-847.1453052016724,1049.689784279484
2024-11-01,717.0744628574917,-196.84513489255858,1667.225604223328
2024-11-02,837.0076405867133,-111.18430605816292,1808.4527889401365
2024-11-03,818.029159233922,-121.75974368500755,1833.1668372653655
2024-11-04,819.9329805547397,-126.54520240285835,1817.3190912293057
2024-11-05,825.5757528205193,-124.92557676883045,1786.2573759365687
2024-11-06,845.6250703782438,-97.438566859627,1816.2374076963795
2024-11-07,826.9860100262451,-46.03105192972643,1779.6802373771532
2024-11-08,755.7929265238794,-216.9284998216241,1734.0217015299422
2024-11-09,877.1155385933753,-65.41311460577369,1884.4639083301508
2024-11-10,858.2158046273589,-87.7478935245351,1863.7906412495777
2024-11-11,858.8070251632848,-108.12072637666805,1817.565853607842
2024-11-12,861.76555013434,-25.51668476203513,1855.596036225169
2024-11-13,877.8011863326464,-39.967773600783445,1803.6210612016773
2024-11-14,853.9080418789141,-67.75942171527517,1749.82292179681
2024-11-15,652.3234164603217,-285.6005571048365,1545.4456254398403
2024-11-16,890.3785221853442,-50.563435302074026,1827.8200132426905
2024-11-17,863.4515150320912,-68.35748358388726,1883.5883143792958
2024-11-18,855.5439920534775,-136.2867199432273,1772.6565682491753
2024-11-19,849.7583141309221,-158.74866165224017,1762.1308017495094
2024-11-20,857.0674914427195,-22.124760800028543,1790.2216931021346
2024-11-21,824.7316585818674,-130.93635652591018,1818.2849855564764
2024-11-22,739.278262539798,-158.64980160950287,1741.375197894516
2024-11-23,846.1953625912712,-44.500539993328566,1811.834593079426
2024-11-24,813.1749418514476,-112.24043924301264,1728.6640397687538
2024-11-25,800.3840126979603,-71.8424568485126,1750.4161072704385
2024-11-26,791.0847035752131,-133.7477823132403,1707.4195101143862
2024-11-27,796.3690860315243,-107.70720644774552,1710.1446061532058
2024-11-28,763.5716461212586,-177.6270472045423,1684.4827154067818
2024-11-29,679.2468230329686,-241.17110018107945,1623.7808099041047
2024-11-30,788.8610900035733,-134.42898726109058,1745.6781218019435
2024-12-01,760.0365102848416,-183.93224772093612,1710.8276699997284
2024-12-02,752.8235395897499,-154.84820204014088,1637.8955379567697
2024-12-03,750.3242086512982,-182.3762260537359,1662.8501077070869
2024-12-04,763.4313496115201,-164.24639695390482,1702.6486387563582
2024-12-05,739.2466370857785,-221.50199957082614,1672.1319652632371
2024-12-06,664.064699505475,-247.9458904040453,1600.8309900648132
2024-12-07,783.0725797850164,-185.17162566336765,1720.350937121074
2024-12-08,763.6012592204896,-178.69427711118257,1746.465908976852
2024-12-09,765.4067810461042,-190.3609081408008,1683.720322607638
2024-12-10,771.2467611011039,-177.86393806712064,1737.856044594065
2024-12-11,791.7932133228403,-113.56543809884805,1763.3517507522365
2024-12-12,773.8932001828571,-128.28377026548108,1720.1626245998098
2024-12-13,703.615355512936,-250.34401282242573,1629.1135701810167
2024-12-14,825.955839556131,-140.88918252341512,1765.2157347003597
2024-12-15,808.0953580605267,-218.7084322957258,1742.2609520844442
2024-12-16,809.6846280212299,-122.27393738554359,1765.1893919726483
2024-12-17,813.4790602930061,-170.0117730672978,1723.6201685332287
2024-12-18,830.0879953121919,-60.494966339641664,1814.5696750969357
2024-12-19,806.4009805665081,-134.63427533878686,1824.8589972027783
2024-12-20,728.5781164157956,-190.07267657097753,1663.0722057023295
2024-12-21,841.7535798078306,-80.25547366234498,1734.302380927771
2024-12-22,813.2889343206899,-83.29482284459684,1781.7368103106799
2024-12-23,803.0537240272123,-89.82087120382204,1735.4698499310655
2024-12-24,794.0542688849191,-143.44303383896536,1691.8246673841593
2024-12-25,459.9321633075398,-537.1926379175164,1448.8640402644949
2024-12-26,759.6032345568126,-177.67403916150886,1742.0159758541533
2024-12-27,667.7999918849529,-289.5465520282078,1547.4241188503909
2024-12-28,767.207250701384,-145.28357079449822,1682.2770902132988
2024-12-29,725.4874178169352,-236.79545905936556,1689.3751940366976
2024-12-30,702.7973698823946,-221.46790080569482,1678.7489792201384
2024-12-31,682.4099872234731,-299.4047231358795,1612.3620865110308
2025-01-01,675.4500631781461,-319.04852918791744,1639.6148089820472
2025-01-02,629.3074521937555,-261.1243999530282,1592.280640441482
2025-01-03,530.6148477298619,-467.7741230700079,1548.6385462318947
2025-01-04,624.9396432004413,-309.7613453384511,1594.7476342073173
2025-01-05,580.0267975360515,-372.65497796240203,1472.1804934726417
2025-01-06,556.0704766620499,-374.82863356081464,1496.3142776903633
2025-01-07,536.2623601487919,-446.0084330065253,1492.346910027494
2025-01-08,531.7485756558965,-378.30262480336364,1562.9590423832688
2025-01-09,489.82551061158495,-384.4488369526382,1476.0979140226627
2025-01-10,396.99435285374466,-524.6294682737165,1260.95537953168
2025-01-11,498.65741339102823,-428.75579845734774,1459.0835869970915
2025-01-12,462.3662592622136,-477.05797278938707,1395.150185880535
2025-01-13,448.09925785827096,-456.1248415392328,1452.7938456201414
2025-01-14,438.8894918773662,-494.65246275174064,1373.2736810119584
2025-01-15,445.5685354377997,-540.47261199131,1370.4446881741994
2025-01-16,415.1886958677419,-575.3833420761408,1354.852483718519
2025-01-17,334.0108226654984,-609.0336258705088,1313.3062263933218
2025-01-18,447.2068257357743,-483.95992607298564,1354.817109838401
2025-01-19,422.11350147045005,-506.08683034093957,1353.7264041962767
2025-01-20,418.51511304518147,-575.8085130090047,1411.1773838283011
2025-01-21,419.2755525877666,-551.8534382815633,1315.2148748422974
2025-01-22,435.0854713371139,-530.8084440613258,1407.7471142302825
2025-01-23,412.8869077635214,-547.2351445820749,1318.4871535609338
2025-01-24,338.8624722559981,-479.3380818067564,1280.3615806078853
2025-01-25,458.13821999834784,-545.1646224134728,1376.3707717467423
2025-01-26,587.9974428221351,-351.82931866274845,1576.4238036880051
2025-01-27,438.35860544594357,-446.1634717894729,1387.6113539269784
2025-01-28,442.0111557968347,-484.62089536794446,1367.8359499770818
2025-01-29,459.75333462004727,-424.2076516960115,1402.6749235557004
2025-01-30,438.61601090103557,-544.6428352699583,1309.7205270027723
2025-01-31,364.8869269459032,-568.563105425542,1220.112305796845
2025-02-01,483.8089165526531,-441.2217695727497,1507.5172989710386
2025-02-02,462.8282711942368,-447.26291295938034,1372.7129058723722
2025-02-03,461.8709198369214,-503.51089468523463,1344.9549149967913
2025-02-04,463.9674940056756,-429.2394002952062,1353.2965282831046
2025-02-05,479.9052493637493,-512.8877672218181,1455.3133999107647
2025-02-06,456.9080174564481,-469.42544720892295,1375.4098738286907
2025-02-07,381.3547612090251,-540.9779969727367,1348.2759712491288
2025-02-08,498.56287391269564,-506.2750818953665,1473.2500673386262
2025-02-09,476.03470434997223,-457.48651137229785,1467.047585361702
2025-02-10,473.7326944230017,-388.8416821495391,1386.2215861518382
2025-02-11,474.7042178835652,-501.41783700814125,1410.5789624664897
2025-02-12,489.82175471588926,-506.7625644278205,1441.6684027042943
2025-02-13,466.20115903433026,-500.8375393971977,1390.6991651914636
2025-02-14,390.18527917064193,-581.2919038294552,1366.7717211863383
2025-02-15,507.0422276367028,-388.79028859192783,1463.023274351025
2025-02-16,484.2150482671882,-481.5626235526462,1416.7450819864712
2025-02-17,481.60036391187043,-514.33597448671,1383.566292054345
2025-02-18,482.1769532650243,-419.65929053922537,1434.2832208954464
2025-02-19,496.74974411067444,-385.5884691958929,1424.0364977109195
2025-02-20,472.37183144532116,-400.3154853074353,1511.6656242195043
2025-02-21,395.3316328465053,-546.741485651444,1289.616429948484
2025-02-22,510.85434063254223,-420.9545146279808,1527.7104618534188
2025-02-23,486.3542929787313,-405.05313225644227,1445.1017256046534
2025-02-24,481.7157395998709,-504.00747090046457,1519.7707301010646
2025-02-25,479.92286398740873,-468.43402457998684,1391.9550462286322
2025-02-26,99.34193950050712,-912.8777753316602,1011.4091765524345
2025-02-27,464.4560255603899,-506.4057998384586,1373.562640395999
2025-02-28,384.22580771780775,-497.7001875560783,1336.4949959769515
2025-03-01,496.41492955245036,-461.77067082450264,1430.3123021570932
2025-03-02,468.52731905305495,-510.57517436659435,1420.1632626782496
2025-03-03,460.54756062881506,-456.49915384508625,1459.0926904351584
2025-03-04,455.56744000627475,-525.9716813227622,1394.1330140013786
2025-03-05,464.46041285092394,-446.7070833353548,1421.5626602788473
2025-03-06,434.49841390831267,-511.0505297102913,1373.0437256226946
2025-03-07,352.13484532685686,-554.9336198969783,1267.718072743103
2025-03-08,462.7664956630507,-418.81242165064106,1398.5197861785225
2025-03-09,433.97951128564375,-537.1582086801537,1345.4776457367932
2025-03-10,425.82346742777463,-471.2565145363489,1378.6675532530078
2025-03-11,421.43464637809876,-505.75682404455836,1339.146369890221
2025-03-12,431.7742003097319,-568.8603127536119,1346.29930782625
2025-03-13,404.04402227207714,-561.3332376454531,1374.0550414757363
2025-03-14,324.66767030701806,-636.8416950246776,1327.7137116918907
2025-03-15,438.9857462625241,-510.7322412192731,1424.3124075550522
2025-03-16,414.5025944371493,-524.7280453891552,1399.956779667824
2025-03-17,411.16203088771897,-483.4867040062427,1409.1882704913023
2025-03-18,411.97318434163344,-564.2165373589739,1317.5247385895425
2025-03-19,427.75206819436846,-492.2154044564424,1344.453499222975
2025-03-20,405.5416189544778,-465.0925106106428,1307.4792366975641
2025-03-21,331.597429987151,-606.6310130079074,1317.1450314873773
2025-03-22,451.08844133102286,-469.60758728805513,1368.5512400175849
2025-03-23,431.3492892548571,-490.1649017675609,1350.3599856256444
2025-03-24,432.1618491135606,-491.669741535812,1401.632226954556
2025-03-25,436.3868647199631,-500.7336736842458,1331.6040372181012
2025-03-26,454.71109143220605,-490.1543081353985,1415.0473388353046
2025-03-27,434.07249754749193,-479.5279355615729,1351.0854044483772
2025-03-28,360.65056979785913,-589.4451309310277,1220.787149497483
2025-03-29,479.57081441789734,-463.3269664585026,1435.7632016715986
2025-03-30,458.160007639244,-466.4661523091672,1414.2400710170612
2025-03-31,221.10288422680082,-711.5180045624769,1156.3223941725437
2025-04-01,456.7081005255022,-574.29327928122,1329.8190816476028
2025-04-02,470.38771931763335,-518.0304711801127,1332.66661335354
2025-04-03,444.3479260439025,-496.1693939927325,1417.839990571643
2025-04-04,364.9428540681263,-524.4981999823651,1288.555198538615
2025-04-05,477.50174319285,-332.943019736815,1426.9466781929564
2025-04-06,449.5790655458047,-507.5425779693333,1391.8924803506432
2025-04-07,441.2318526496846,-415.6375270512548,1431.8284394385187
2025-04-08,435.6451793292995,-531.7626579718711,1361.0103796308158
2025-04-09,443.87135276255276,-470.79697373529626,1422.9475082010322
2025-04-10,5.5967632441963815,-926.2987512626095,987.9785540760333
2025-04-11,330.3650620626157,-668.6115646162503,1322.5914416403484
2025-04-12,440.7818961658327,-522.0957270914195,1361.4101058287863
2025-04-13,412.24499694466203,-513.0252376224186,1324.0904540590163
2025-04-14,404.97048016078566,-532.7393469634665,1353.4591927160993
2025-04-15,402.260689155051,-431.45831585507216,1352.1341353147152
2025-04-16,415.23796140172044,-488.24475557197667,1312.9726591923431
2025-04-17,391.2560041108985,-556.4438834670674,1311.9228880599044
2025-04-18,561.9465548077465,-343.7892943784488,1551.3151498370253
2025-04-19,437.5592087584187,-511.6916496076929,1384.8238886392683
2025-04-20,420.9062516368648,-491.9306553246641,1373.2411479157881
2025-04-21,426.93219849235675,-503.0419418171501,1389.0857403019663
2025-04-22,438.68733526413837,-548.2404032218122,1418.3731593969171
2025-04-23,466.9961097521811,-445.1415455190416,1378.291258271983
2025-04-24,458.8748182138869,-479.5928738362611,1419.1111431111447
2025-04-25,400.5156624775581,-593.5700517558221,1307.8983154916737
2025-04-26,536.9865038849575,-389.0675275263587,1438.4211719969974
2025-04-27,535.4830690206475,-404.63146124364533,1462.844326649674
2025-04-28,555.6111761029794,-383.65829338402676,1495.0740985911937
2025-04-29,580.0198932401787,-377.415952572446,1577.9890968063246
2025-04-30,619.151055393868,-241.6446559823043,1649.7893220670674
2025-05-01,619.6676653072864,-298.5754084011789,1582.1875956644901
2025-05-02,567.4481832059521,-337.57730828771435,1512.7096907862338
2025-05-03,707.295751810695,-204.93522826763007,1703.8995860243351
2025-05-04,706.1988099569845,-213.81277122290166,1649.0655699681377
2025-05-05,723.6204355704966,-194.1155105578968,1678.5800655583014
2025-05-06,742.1370948223476,-209.59208231477746,1667.6226286786568
2025-05-07,772.1920427818185,-176.31521291008153,1679.224262609496
2025-05-08,760.525760507779,-144.97102623952154,1801.1861880487475
2025-05-09,693.1703438477409,-193.0101105660787,1681.2235005992088
2025-05-10,815.1568375895481,-171.93609986377447,1753.2283680780038
2025-05-11,793.7720062911861,-119.29002946595686,1773.484393062834
2025-05-12,1233.6968377426806,262.76797100267424,2213.746999878775
2025-05-13,783.3631961081796,-110.56607314568892,1749.7416127529018
2025-05-14,788.2472138001845,-175.12111828794056,1713.0214691346816
2025-05-15,750.7400629122126,-188.94166999305452,1740.3933804122767
2025-05-16,657.4052388085489,-258.07486659548863,1577.9227687008718
2025-05-17,753.8184645219344,-231.5688249386439,1650.2372944046124
2025-05-18,707.8114171516266,-226.14571129012597,1673.5090220318255
2025-05-19,679.7420818501107,-244.69597782962697,1532.3093325195896
2025-05-20,653.1128875662326,-297.6432360733653,1614.293875816387
2025-05-21,639.3023821971618,-263.0218167829451,1609.1047448226527
2025-05-22,585.9733833634423,-375.1724092696662,1556.5328299050059
2025-05-23,480.04509314564694,-439.5133750999228,1376.158904255478
2025-05-24,567.3787498625851,-334.6629271315423,1578.9063989597157
2025-05-25,516.0138782877898,-417.33968911856607,1407.6709166806547
2025-05-26,486.4330661492381,-466.43258749530173,1475.906267640542
2025-05-27,462.1765809749355,-448.24488385385183,1373.308380865394
2025-05-28,454.57269086738324,-387.45155713146266,1439.2151520948166
2025-05-29,411.1466741290282,-560.4722771643192,1387.2298910090083
2025-05-30,318.595991262942,-595.9100900552156,1255.3656229159712
2025-05-31,422.4811461548719,-497.53385664027525,1339.4582080559653
2025-06-01,390.46912517655323,-499.387008249122,1334.7121049231275
2025-06-02,382.60720698148003,-578.0902147992228,1337.658891215224
2025-06-03,381.9482034138866,-557.9715657657293,1353.8968279671492
2025-06-04,399.292725481841,-567.6919157384297,1348.3683285175746
2025-06-05,381.6111488415886,-543.9513948712843,1263.1137806992845
2025-06-06,315.0324185145923,-677.7715936342629,1254.5236284230082
2025-06-07,1619.4148380580627,705.2336886593612,2532.6264794736853
2025-06-08,437.27342213394104,-521.8440908054067,1428.111612472877
2025-06-09,452.7271628166162,-537.0154760935935,1385.8984805783002
2025-06-10,473.4769909357876,-498.92741802853,1416.3083164802008
2025-06-11,509.88963614467883,-435.3498352719491,1441.1630302139722
2025-06-12,508.56378778129687,-509.2653428402177,1348.21644182423
2025-06-13,455.327420426445,-478.61500000399263,1394.6272411107502
2025-06-14,594.9492125335036,-327.2203748499626,1480.736739647327
2025-06-15,594.400458496314,-336.1824226006599,1527.5815950765643
2025-06-16,613.1447439176586,-368.1336558544382,1553.5197997377627
2025-06-17,633.7760607786794,-290.04004154008913,1559.4366273580886
2025-06-18,666.7706266863368,-233.41652658638296,1604.5726773738334
2025-06-19,658.9148479037505,-350.97949253388475,1591.331671429403
2025-06-20,596.2964280090698,-345.92581271267306,1583.7598527877688
2025-06-21,724.007731584653,-252.0446567497642,1742.798011223442
2025-06-22,709.3980356965002,-247.55241023177962,1596.7643757750293
2025-06-23,712.3522146461214,-142.511951143005,1663.5464718718874
2025-06-24,715.9168459932845,-222.16920538728272,1601.0227033758083
2025-06-25,731.039340160656,-256.5135051616234,1684.563903448679
2025-06-26,704.9828887768587,-235.96608243480355,1591.1113498205334
2025-06-27,624.30459638861,-322.1715011397238,1544.2769849050264
2025-06-28,734.5462645891798,-194.2895718380916,1706.33553344674
2025-06-29,703.4748097884499,-247.1840672101989,1685.2664393273192
2025-06-30,691.3501813734631,-277.8272465252747,1631.6310257410066
2025-07-01,681.5420637628516,-222.5600895900169,1657.0117843283276
2025-07-02,685.2612156905149,-251.6005227878762,1560.993008178274
2025-07-03,649.9684476891597,-237.9179402442263,1563.7632448558595
2025-07-04,562.348755228399,-363.28433016644755,1528.0924235915181
2025-07-05,668.0001727458277,-327.9535548644557,1653.2413023225222
2025-07-06,90.8289320677763,-830.7108676750121,1047.2616024410218
2025-07-07,622.5467994324296,-303.4653446165552,1565.5905542044372
2025-07-08,614.8377028495632,-302.24825462956454,1578.1015446780498
2025-07-09,622.5495061672545,-362.0233754739078,1588.4454831904407
2025-07-10,592.8835950921317,-309.42065871538415,1578.114900213331
2025-07-11,512.2236372706803,-430.3048700965871,1454.3810597768659
2025-07-12,625.8347725127948,-295.0497919998172,1565.8049177727084
2025-07-13,601.1153691437714,-434.2115140604282,1527.2571922670597
2025-07-14,597.8788565384874,-346.07405251211003,1539.9560269808478
2025-07-15,598.9864818381802,-327.54647355011775,1495.4835936394547
2025-07-16,615.0963530354824,-409.0546969097161,1589.9394586047897
2025-07-17,593.0912306415772,-360.78790560685206,1525.8303655051045
2025-07-18,519.0720167316507,-442.61817797220937,1513.8464595681257
2025-07-19,638.0659242792506,-313.1301936920111,1496.067411396232
2025-07-20,617.2857637572803,-346.19569843800116,1598.699892801626
2025-07-21,616.4176336204266,-388.5936936531546,1498.8139790478995
2025-07-22,618.2576886112432,-344.8232186997343,1554.1836256379959
2025-07-23,633.4632284665851,-283.35129290034735,1533.9064384002402
2025-07-24,608.9805075588295,-313.2566373270238,1515.8450414329068
2025-07-25,531.0362123376692,-442.45852394046307,1434.7516662201967
2025-07-26,644.8416469672848,-255.859903732184,1589.8767674792891
2025-07-27,617.8461823317849,-323.1566821064839,1540.269699167594
2025-07-28,610.0174219067827,-358.83841231712665,1503.2113295502077
2025-07-29,604.4689836015795,-326.92509164677546,1577.5420410969298
2025-07-30,612.2014027872751,-343.24033849662857,1560.3473227648644
2025-07-31,580.5188582209005,-320.9973037867047,1532.5779141762846
2025-08-01,496.00899589481486,-447.93716442088237,1490.6392991103016
2025-08-02,604.2352377634594,-324.4249136854857,1586.2818142327708
2025-08-03,572.9784825267654,-392.9382753109191,1540.9833044833945
2025-08-04,562.5060079385709,-396.8208217236293,1522.3943857100198
2025-08-05,556.1888089823184,-399.8662748956074,1537.028804715233
2025-08-06,565.2331962837749,-384.0727474082968,1498.8178879799975
2025-08-07,537.0896416139194,-435.09723945905534,1498.6670800758632
2025-08-08,458.4263912305304,-419.6594123018149,1390.6261205472645
2025-08-09,574.817432649576,-375.7254057391332,1480.8933478403912
2025-08-10,553.9818677397144,-388.665331341016,1421.6395404673995
2025-08-11,556.0525899978089,-459.706918315916,1527.38868339303
2025-08-12,564.1955286855541,-391.76188860587524,1555.9704789459886
2025-08-13,589.3452514379183,-416.5424219315426,1549.0873961349203
2025-08-14,578.6198190656197,-397.8743246961401,1559.1069622515427
2025-08-15,592.4663261880769,-370.3972916368588,1501.656280395728
2025-08-16,332.5063717907264,-580.6707329672062,1264.545226039292
2025-08-17,651.5854236874226,-249.97518994811423,1590.1456651179951
2025-08-18,672.0959790118402,-231.41135165049536,1708.837879850165
2025-08-19,697.7467985606936,-211.26782495327794,1646.1591804682964
2025-08-20,738.9892084353244,-240.60052019507717,1696.561418801902
2025-08-21,742.4769071203986,-158.86642332349317,1695.1080370694506
2025-08-22,694.0603938821241,-266.3770587966031,1698.325925014824
2025-08-23,838.4967252130294,-138.8814787567025,1800.2165533084008
2025-08-24,842.7110497906816,-142.19795980720653,1776.3291513481101
2025-08-25,866.0872236423515,-90.01790111123033,1814.0478125087145
2025-08-26,891.1081222263492,-13.522428667211676,1894.6268283133047
2025-08-27,928.1108846089755,8.438575628826358,1927.7590800698467
2025-08-28,923.7194110285727,48.437565120267394,1867.5187912670867
2025-08-29,863.8409840638349,-80.13813613105188,1818.361917800652
2025-08-30,993.3759573423358,19.025596364571953,1885.7790133003884
2025-08-31,979.4769534461032,19.007794638922245,1914.381222502887
2025-09-01,981.8349051979469,69.19310876302725,1882.7439267790799
2025-09-02,983.3127028628132,42.694492350189186,1908.1825193031787
2025-09-03,994.6918163756786,124.21296379560744,1911.8591000088345
2025-09-04,963.094453526149,42.612275166337184,1868.0266048784829
2025-09-05,1035.2944863865496,143.05036615186117,1966.0339634534002
2025-09-06,975.7837256504885,49.042338014113525,1943.5529265024593
2025-09-07,933.2783452522954,-110.99279410073635,1837.9154348966458
2025-09-08,907.7297865143867,-94.13369281116556,1825.4487014365075
2025-09-09,882.5746456990724,-74.7920479500486,1810.5224872142528
2025-09-10,869.1412694702556,-119.33307319118288,1729.2917515982747
2025-09-11,815.0586595895635,-13.896076249811934,1753.5254732283477
2025-09-12,707.2290748859947,-197.37683500947446,1643.1763148616792
2025-09-13,791.5139034242534,-205.81031457912871,1697.599443648331
2025-09-14,735.9698697228995,-219.69621984933983,1647.0331950440957
2025-09-15,701.1135116047485,-179.4157958414614,1668.2125221485644
2025-09-16,670.5352504114758,-217.72351051346305,1597.4498439347803
2025-09-17,655.6289304819355,-411.06029017281514,1575.6013314563734
2025-09-18,603.9998274697361,-305.17431596640887,1546.3453277232886
2025-09-19,502.4386203618794,-501.2757574980169,1454.3610350642882
2025-09-20,596.6108496490717,-316.43466971268657,1513.201562071441
2025-09-21,554.2988164572351,-376.7638881889078,1463.1143392320105
2025-09-22,535.6736922408238,-493.7257404779752,1454.3409900921401
2025-09-23,523.9189437958795,-424.7643455089414,1473.0442371116887
2025-09-24,529.970689373243,-410.25723045834434,1539.6202725253138
2025-09-25,500.9376851033099,-400.9931267094591,1438.607446393241
2025-09-26,423.08810843470224,-509.98385114143184,1394.7321388096275
2025-09-27,541.5523129958407,-449.9395133907945,1425.7318911599143
2025-09-28,523.5781518667317,-448.3974688227341,1460.9533357210337
2025-09-29,528.8162799029633,-334.13192583532316,1475.1961635804623
2025-09-30,539.9561935876071,-407.82131511905567,1460.9753255652768
2025-10-01,567.4782935346423,-355.89490197164696,1524.4396417120759
2025-10-02,771.4253232148541,-185.8959133932353,1727.8106403490756
2025-10-03,497.69340917820836,-439.73794964877305,1455.215995356201
2025-10-04,631.1516878975696,-331.62030801255634,1510.9307518355754
2025-10-05,625.4935587877569,-319.4464700850207,1523.4478753176215
2025-10-06,640.230241477787,-254.18845758147066,1636.2508371317679
2025-10-07,657.9873021314601,-357.313722225609,1536.8634796994809
2025-10-08,689.2561061158631,-246.39116476953384,1566.2230027710953
2025-10-09,680.8216946500063,-306.43466722791055,1562.1318319449545
2025-10-10,618.754094370131,-323.27412464143674,1518.936312822475
2025-10-11,748.112171138434,-221.17048036490377,1665.3418693000685
2025-10-12,736.1966571618595,-190.80194127876624,1687.5802597381564
2025-10-13,742.829887361835,-192.23233796682283,1645.052133640522
2025-10-14,750.983217379787,-224.76713700750707,1717.8626723633463
2025-10-15,771.5177038488381,-164.77499518311268,1728.485645918037
2025-10-16,751.6008144587736,-156.87436813548885,1717.0853403906804
2025-10-17,677.6864991704551,-180.4196546787315,1662.3665145763941
2025-10-18,795.2080534632227,-117.31823871274621,1800.9833175691872
2025-10-19,771.8207103367633,-203.42648448962177,1722.5044585329874
2025-10-20,77.83033752772315,-939.0426356337258,988.999406919115
2025-10-21,766.0195964873626,-173.70107452417284,1719.0299770290846
2025-10-22,777.9669912965143,-195.12913701403116,1729.172866624953
2025-10-23,750.8723807399545,-217.2550487295892,1744.4026556896822
2025-10-24,671.3257971995653,-265.63246799501445,1614.3346438828455
2025-10-25,784.8394622583307,-155.52186640039355,1785.2082385963836
2025-10-26,759.0898456908758,-154.81573054471644,1703.1074185764674
2025-10-27,754.1890197330404,-175.582158450385,1743.1567275616762
2025-10-28,753.3064715043586,-128.63224580987693,1637.6528641279372
2025-10-29,767.407061115871,-159.94203867330367,1666.5338058135974
2025-10-30,743.6679142979406,-173.90529759090828,1732.4024373493119
2025-10-31,668.4615171342006,-305.4200048879976,1561.9568165662445
2025-11-01,787.0542978856624,-218.53379722623126,1696.3614324255623
2025-11-02,766.8574099077016,-125.94969736275299,1757.6178991662919
2025-11-03,767.707246643465,-128.6259702625032,1791.6422224009416
2025-11-04,772.4965676932468,-153.48920505072903,1677.5330174427997
2025-11-05,667.8918213235353,-331.8219885768693,1592.1945378578366
2025-11-06,772.9078973595009,-201.55531369428323,1668.8336850382366
2025-11-07,701.6011498296333,-144.68228159794478,1688.0518073004423
2025-11-08,823.073347321279,-69.66431078120483,1761.0049192848835
2025-11-09,804.5794455830036,-107.79856337553454,1657.5509581419735
2025-11-10,805.8427077220584,-147.94323295398783,1779.4295885148695
2025-11-11,809.6891970146953,-74.75031304663322,1784.350091548061
2025-11-12,826.7967749748329,-183.91316832454035,1758.98606577787
2025-11-13,804.1210750458273,-74.81248340017052,1780.2752499445737
2025-11-14,727.8854637407342,-173.62250790737025,1706.9390043609703
2025-11-15,843.2840881462157,-77.56333375463913,1818.7716251294657
2025-11-16,817.7346122093392,-153.05749233725672,1671.8824159160965
2025-11-17,811.1581366066471,-185.05113611786925,1728.3528801524003
2025-11-18,806.6072324183137,-156.5146913157346,1756.9826731366704
2025-11-19,815.0075928439612,-135.71682417057013,1754.2423321932056
2025-11-20,783.5760206940624,-139.3535515639646,1773.0061923526446
2025-11-21,698.8020034779083,-243.48838190494484,1612.1351296569192
2025-11-22,806.1422352365826,-143.91327850427487,1730.5064994419142
2025-11-23,773.2649485219584,-159.1647713771353,1825.3654219013001
2025-11-24,760.3218085930373,-179.89728376700273,1737.627508174858
2025-11-25,750.5685343119563,-171.87454369913976,1658.1604870636677
2025-11-26,755.0999892891437,-220.42831270504266,1681.5962874343786
2025-11-27,721.2626402371957,-249.46342556700807,1704.2068955793898
2025-11-28,635.6318065107856,-337.37925530729007,1521.9861766656607
2025-11-29,743.703185215079,-151.9810246785675,1663.459886685896
2025-11-30,713.1356018263423,-201.5745597078724,1689.3119265985242
2025-12-01,704.0227822493035,-188.6241956489955,1618.2980837340128
2025-12-02,699.5153109751977,-295.29514394066626,1588.9604556184354
2025-12-03,710.5584756486614,-236.12805643413844,1705.144694917571
2025-12-04,684.3088099467966,-278.17298528442984,1687.8059522480062
2025-12-05,607.116634633218,-338.5272064797293,1489.615802510523
2025-12-06,724.2239219729182,-227.77322321196323,1641.8072135059813
2025-12-07,703.0142440759362,-280.7801947343462,1605.750602237269
2025-12-08,703.2923873639411,-265.1571464313243,1656.2146343915358
2025-12-09,707.914566198654,-217.65213096252495,1605.767725120106
2025-12-10,727.5346934310494,-264.15395473691734,1628.7157021783073
2025-12-11,709.0292735156627,-234.32068102228118,1672.0477875483464
2025-12-12,638.4879753808171,-272.5904922293653,1544.4257575961958
2025-12-13,760.9189782579192,-230.39498870756586,1639.171951636527
2025-12-14,743.5056365201966,-193.79238391098136,1714.3337551023908
2025-12-15,745.8918548243247,-237.23415165173188,1632.9294372758434
2025-12-16,750.8169432505974,-224.86545489031428,1730.458411668909
2025-12-17,768.8652895674874,-212.61497165899485,1728.3149142478862
2025-12-18,746.8933079365966,-189.25375531798943,1662.3416957587904
2025-12-19,671.0206847952237,-311.66118442501744,1656.2802796195567
2025-12-20,786.3349965317732,-151.03170045696078,1662.0792868865542
2025-12-21,760.1462761889129,-164.44974401403877,1679.3690832743844
2025-12-22,752.2689895723993,-184.43315458617946,1657.4116204960858
2025-12-23,745.6522981137769,-173.61696983078923,1679.792528075991
2025-12-24,751.1240777493998,-263.46706182774693,1697.9481947391505
2025-12-25,378.56732723577005,-536.399250999536,1318.2178736172941
2025-12-26,626.124234356598,-344.8010487570754,1586.556215481229
2025-12-27,727.4529830304998,-221.42186429315035,1640.9267410031105
2025-12-28,687.4144498657752,-279.88257190852096,1620.2701988455747
2025-12-29,666.1261279716749,-280.0338242347963,1559.8674111742837
2025-12-30,646.828591448206,-326.83838747365303,1577.7663673574427
2025-12-31,640.6221174081533,-293.24441904789603,1673.009925645035
2026-01-01,594.8803219759906,-345.5306151219194,1485.1334233663758
2026-01-02,496.22819127638684,-385.56087969663355,1488.5154684125112
2026-01-03,590.2339576256074,-336.76437019867654,1497.8172650406073
2026-01-04,544.651746460334,-369.86334610171343,1554.9977763919676
2026-01-05,519.6927760506104,-389.8026660001492,1454.3107062297192
2026-01-06,498.646271732541,-421.76574058822007,1489.7867878968427
2026-01-07,492.6158032033666,-423.19824057184246,1425.3015983715372
2026-01-08,448.9338760453846,-499.9527239698301,1398.474367812206
2026-01-09,354.14210724452914,-550.54771011827,1285.9092007255442
2026-01-10,453.6863497707516,-489.04540670713703,1385.085215671561
2026-01-11,415.16357574473955,-527.5861872585626,1352.8626566819644
2026-01-12,398.5981572809825,-510.0273642782037,1339.6047587493479
2026-01-13,387.06854155431813,-557.6780767738708,1347.7585688869974
2026-01-14,391.4498465158929,-561.733054634063,1367.9187045629599
2026-01-15,358.83501511901363,-623.2802095265653,1281.4591663829317
2026-01-16,275.52165936330493,-672.4255106578521,1213.1290262598077
2026-01-17,386.71376169110795,-511.8052157111788,1308.9491339926794
2026-01-18,359.7748526403851,-574.9315135362272,1305.735652871011
2026-01-19,354.51012582516285,-568.6286590547805,1296.6891954067503
2026-01-20,353.79832660575755,-577.2795022826277,1274.6010333354498
2026-01-21,368.33880310957704,-539.7483238176023,1335.9935503312047
2026-01-22,345.07624598645873,-612.3268047963749,1303.0035657846063
2026-01-23,270.19016599275074,-689.1005497048706,1152.477347081983
2026-01-24,388.79822601691376,-532.7147014627943,1367.4521112554203
2026-01-25,368.2100278525645,-618.1088452752175,1278.353730264241
2026-01-26,518.1694390400032,-418.99545160105646,1409.4163048789374
2026-01-27,371.6820676223227,-574.4295881838492,1375.5383283325245
2026-01-28,389.3661685929334,-562.5077192474049,1396.0540641020928
2026-01-29,368.2682414416531,-576.1390461708302,1388.9983310654195
2026-01-30,294.6518593943929,-742.9944174901422,1223.755107253474
2026-01-31,413.736168355044,-471.086910128955,1342.8835247622783
2026-02-01,392.9450850661097,-477.24385180224857,1363.8177884408424
2026-02-02,392.1842227374832,-594.3239109048882,1311.9173733127454
2026-02-03,394.4665923365791,-548.0894766230896,1324.5295681989621
2026-02-04,410.65270675277793,-603.4635771410861,1396.450450794732
2026-02-05,387.8678712393314,-569.1556432038386,1347.302371975661
2026-02-06,312.4839760581517,-628.8356941830755,1303.5065952831976
2026-02-07,429.8151756706828,-544.0186175683374,1398.706187495923
2026-02-08,407.364314614772,-574.4624647277814,1290.2359034954932
2026-02-09,405.0978183786509,-570.2687412737785,1320.8714909101395
2026-02-10,406.07015006666313,-601.7404535789451,1284.9462248245704
2026-02-11,421.16348425107026,-555.3580188729828,1395.3601639012704
2026-02-12,397.5053767385184,-534.2707539549809,1374.5131450639885
2026-02-13,321.4517130842197,-615.3894248632253,1251.016396824801
2026-02-14,438.28426011956714,-461.2795355467413,1386.67967221806
2026-02-15,22.997048229961024,-924.2933148040356,1072.5545641340352
2026-02-16,412.8870299536719,-573.6825970835852,1327.6784125289619
2026-02-17,413.556490887443,-533.9821250915652,1339.3390013725095
2026-02-18,428.28189478270406,-486.11581473975866,1402.1513389667625
2026-02-19,404.1226277248711,-567.7448920167477,1378.2311964587702
2026-02-20,327.3702756104458,-622.9297597030655,1322.2196994491858
2026-02-21,443.2497780479928,-523.3959300752916,1364.7854288827716
2026-02-22,419.17164107448707,-550.0417998852857,1405.6893431788362
2026-02-23,415.01269186701376,-533.8004774547113,1257.2949840501085
2026-02-24,413.746239677576,-536.3325305987922,1355.8426945023455
2026-02-25,426.1870647796858,-510.63245209645794,1392.5045315345844
2026-02-26,399.41379956449913,-605.5388606469252,1355.9305747792255
2026-02-27,319.75579268721947,-639.170820997565,1240.1263925479846
2026-02-28,432.493618028936,-513.3698136042067,1381.65781379909
2026-03-01,405.1098766577203,-525.541764699112,1395.5440377495365
2026-03-02,397.5678164768675,-603.5885408914521,1330.0849516947276
2026-03-03,392.9387021738283,-612.033314266725,1336.1032090577148
2026-03-04,402.1434503575334,-525.0991999074301,1339.298502051552
2026-03-05,372.37120887748443,-609.1810601302798,1327.4227301492435
2026-03-06,290.0621040382638,-605.007964973631,1250.7537255471514
2026-03-07,400.60346392165377,-541.8168395908957,1265.4285587443533
2026-03-08,371.5763211306719,-578.2563200513106,1355.4462215859098
2026-03-09,363.02987825402727,-549.2295363225672,1292.3763811077067
2026-03-10,358.1050253470692,-525.091333857317,1322.4992009395032
2026-03-11,367.77257363693946,-587.0032207532959,1306.8833809320818
2026-03-12,339.24902118866316,-579.957483079285,1228.1771472892717
2026-03-13,258.97719352262095,-628.5879912446071,1196.4247910783347
2026-03-14,372.32116482863023,-509.91472172742334,1253.8834017944866
2026-03-15,346.8123349715247,-557.3821471741143,1271.011804495401
2026-03-16,342.42438900614934,-558.0291732281177,1340.7186858044527
2026-03-17,342.19824141239553,-624.363489927874,1281.6520770218617
2026-03-18,356.9826106252866,-706.8662407180203,1286.3918060993751
2026-03-19,333.8529893784981,-610.8835702759676,1266.737423069267
2026-03-20,259.0962730460701,-709.4905805318656,1180.7952831788757
2026-03-21,175.37943129213028,-835.2326755317551,1043.9532032127436
2026-03-22,357.6553398692512,-555.8369997835163,1218.9205855653613
2026-03-23,358.13421270696574,-590.6168000973031,1277.8249028943296
2026-03-24,362.2234457753491,-550.4901996900293,1414.2809749761568
2026-03-25,380.61944957446667,-509.6349442339548,1372.160250218033
2026-03-26,360.2631739029018,-571.4520472472967,1241.5154574998187
2026-03-27,287.33001875043857,-716.2271977634472,1195.6821916254673
2026-03-28,406.9341529576143,-519.4718608796474,1308.3688917499442
2026-03-29,386.383807562896,-570.8642437926526,1387.248092586963
2026-03-30,385.4649586362881,-576.3589191956238,1347.998277008917
2026-03-31,-20.57457270095631,-929.9613613110205,852.1334932813215
2026-04-01,401.9661362141628,-558.6611018430625,1367.828910339005
2026-04-02,377.1778764854353,-582.809175214964,1373.973590962113
2026-04-03,544.087765382596,-457.5908324993832,1446.8377669887852
2026-04-04,412.7659696289787,-485.2590377547661,1304.033139726986
2026-04-05,385.9283173110607,-525.9167349051921,1302.5579882030654
2026-04-06,378.51279327142197,-526.5190143177839,1305.8363550692538
2026-04-07,373.6577109828006,-544.9866564585041,1329.0931945560565
2026-04-08,382.37219593206987,-489.92980741763176,1300.0810102426337
2026-04-09,351.9532828716413,-501.18120002137107,1265.1412037590658
2026-04-10,268.96663186156366,-657.094851593886,1246.9518295300402
2026-04-11,378.94019708462304,-574.5858224536285,1298.860266403844
2026-04-12,349.60769025521915,-592.1551613519517,1248.2901940853571
2026-04-13,341.17957281292206,-600.2982987906963,1217.5095822616722
2026-04-14,336.96272888630887,-628.9837982701132,1295.1776013404515
2026-04-15,348.09455680035967,-542.9090959743276,1290.729527810418
2026-04-16,321.9543780855688,-611.8656756426478,1210.3100231400472
2026-04-17,245.13959838955122,-702.6223297044603,1204.0417431350404
2026-04-18,363.15612376908985,-624.8906963536194,1331.4150424345064
2026-04-19,343.660009876967,-595.6931744936836,1269.6011683169243
2026-04-20,346.72817537286056,-613.4888595269251,1258.3308771442573
2026-04-21,355.4793864035308,-607.6290698735904,1289.9931347944694
2026-04-22,380.81125997499447,-569.1654749334778,1294.3096173741421
2026-04-23,369.8161491631662,-616.5929260023651,1390.7943717388025
2026-04-24,308.76326253778035,-695.2444379326612,1255.0702490837098
2026-04-25,442.79639465838886,-500.3591420391708,1329.299360622359
2026-04-26,439.1840766893066,-540.7567482534712,1367.6665284333635
2026-04-27,457.59977214224966,-539.3337986080548,1365.7019717322758
2026-04-28,480.7530855946939,-472.8812244711662,1360.3285960416135
2026-04-29,519.1374667566248,-412.3386661484534,1386.6844466205096
2026-04-30,519.4569879890789,-419.6716180107923,1438.0621842498838
2026-05-01,912.4741643275192,30.623953969072854,1838.0932296901944
2026-05-02,608.4435009419984,-355.02502433770235,1556.547367658929
2026-05-03,608.9204584178663,-367.4342791185051,1529.6782739170744
2026-05-04,628.5012191881815,-236.3797174140242,1538.8254118478942
2026-05-05,649.7359235688987,-309.6485443876264,1585.805721738976
2026-05-06,683.0274512088376,-241.65047447303414,1587.3347875683219
2026-05-07,675.0625240473639,-255.5011380587387,1664.0555482192008
2026-05-08,611.807121814466,-299.81883824342583,1563.3868590533646
2026-05-09,738.2151825919639,-173.7235532988007,1633.2327725641017
2026-05-10,721.487049075163,-248.85309264334177,1641.268792051244
2026-05-11,721.3550037937732,-241.62142356037864,1629.2067512711362
2026-05-12,720.7166549876952,-186.46410605917785,1646.0379626044826
2026-05-13,730.3815319375653,-163.4334864133664,1634.2217628208807
2026-05-14,697.4934315883049,-208.848601989809,1601.6189493735098
2026-05-15,608.5156257672513,-367.11594685737487,1576.7074383009954
2026-05-16,708.9281488938616,-252.2734455993069,1709.6958069109385
2026-05-17,666.4739101569018,-246.3980034275902,1574.5265482100713
2026-05-18,641.4312853222597,-235.943782269086,1491.0734543113442
2026-05-19,617.2342821073416,-389.72238904282773,1573.8954511619067
2026-05-20,605.205981566493,-309.86915142676827,1550.4786167758148
2026-05-21,552.9681430697083,-401.3294654247344,1524.7363436104638
2026-05-22,447.41442055516154,-499.516959662809,1419.6159954904194
2026-05-23,534.3967316257986,-394.1792320665503,1418.4830924334997
2026-05-24,481.9618194344199,-412.458906204951,1416.9286290681068
2026-05-25,450.6159245102067,-468.703898081796,1455.068950579228
2026-05-26,423.9388809713388,-529.5158739818708,1348.1101366184591
2026-05-27,413.3135122565665,-514.8771953437721,1325.5176864915793
2026-05-28,174.11310505445425,-747.6842486658276,1092.4499456062408
2026-05-29,269.7760732322842,-653.1607722026107,1214.474817178741
2026-05-30,369.2925552629962,-596.9023827719457,1339.368604266033
2026-05-31,332.6479349398179,-646.136127615411,1293.0260528914362
2026-06-01,319.99308554321084,-647.0771495462058,1329.8241573741448
2026-06-02,314.4872867224824,-661.8088406179548,1334.5722228105594
2026-06-03,327.037869572761,-548.088760915397,1236.7756967757982
2026-06-04,304.7195620080094,-585.9872886679436,1286.3819854451208
2026-06-05,233.76074317570698,-711.6846370655774,1265.0785194373261
2026-06-06,359.2458208273522,-522.652294209954,1279.452342760014
2026-06-07,348.37036368234,-669.8487459937668,1236.8834495440356
2026-06-08,360.72642851964804,-582.0839550595028,1305.122753465183
2026-06-09,378.9388622273774,-497.0570507439189,1341.8199249948225
2026-06-10,413.4178772760207,-514.8490127209262,1359.6134787990222
2026-06-11,410.7903044152577,-462.678930297884,1316.998813671686
2026-06-12,356.8964194029538,-562.4744085227802,1307.18434291695
2026-06-13,496.50128197802997,-370.5874832669542,1453.284310517179
2026-06-14,496.5569872865909,-422.58575044176035,1409.9638916949825
2026-06-15,516.4930879267115,-410.4089543378305,1437.288983778155
2026-06-16,538.8558405597272,-416.9165442977454,1422.2682367905288
2026-06-17,574.0615080416078,-352.80626411803763,1512.9690584678187
2026-06-18,568.8261139838459,-349.5616692040778,1514.6802926893545
2026-06-19,509.1586004456825,-444.27604776026584,1490.98007333873
2026-06-20,640.066440105375,-262.22779422897923,1601.0222202788163
2026-06-21,628.8102723198127,-301.3179822161076,1582.2291844502852
2026-06-22,635.1850417092944,-314.6517900474051,1593.0087195028964
2026-06-23,642.1485587992155,-270.6886184353608,1588.916084608797
2026-06-24,660.5630168527294,-237.40086551958123,1601.796562066237
2026-06-25,637.6121940973867,-264.5245246882462,1637.849266192775
2026-06-26,559.781644091238,-429.1357840079026,1557.5193389346136
2026-06-27,672.551287486393,-280.19569097710746,1639.1913666979665
2026-06-28,643.6373361988701,-281.53106631008075,1580.1299087406596
2026-06-29,633.2613797703509,-287.94021765801665,1615.9685861796715
2026-06-30,624.7678842806425,-320.32199404265276,1612.6629401137504
2026-07-01,629.3559391926367,-336.9544380926686,1502.6961158509416
2026-07-02,594.4882445563794,-336.3362951580969,1582.6891828430364
2026-07-03,506.8648591840377,-384.8339417039518,1473.6855697315555
2026-07-04,612.1112894941957,-314.8587859664085,1582.285948699032
2026-07-05,578.017960474445,-352.72070610983883,1516.287490414764
2026-07-06,564.808949974297,-322.7142120599493,1553.5256543238131
2026-07-07,555.7612278028906,-436.99393605794177,1510.3663691631946
2026-07-08,561.9401662090946,-293.3467552093308,1508.4453702128521
2026-07-09,530.6141875797113,-391.36346730112564,1417.733456057763
2026-07-10,448.2358893163091,-435.73448278447677,1439.1921170181445
2026-07-11,560.138996220544,-353.71742401588074,1470.3656986161475
2026-07-12,533.7879103994691,-417.91603958817814,1395.7963134487047
2026-07-13,529.0574343219314,-402.0264868037296,1450.0100059918732
2026-07-14,528.8635776087772,-425.07641188398924,1403.6368276650646
2026-07-15,543.9108675341568,-397.70222094334025,1486.7980538623717
2026-07-16,521.1186767743034,-303.65929394780807,1421.6153607473616
2026-07-17,446.61356057836673,-486.30408726937793,1344.4504032327377
2026-07-18,565.4366204373835,-359.0282145187727,1539.8055271935932
2026-07-19,544.8023552061298,-359.1758815074224,1493.2280820299304
2026-07-20,544.3862993743244,-359.9713485214802,1487.8135813104593
2026-07-21,546.9621242213831,-374.5739078430151,1482.5172867078963
2026-07-22,563.1534349116142,-392.6255666772374,1494.1865669082968
2026-07-23,539.8626434434356,-387.9696416109893,1477.0053355751268
2026-07-24,463.26383323847904,-476.8561845031234,1379.80388408223
2026-07-25,578.5086154926001,-347.8288053271286,1580.8210109780916
2026-07-26,552.9814812816032,-344.8187423566391,1519.0561794464393
2026-07-27,546.5820509212945,-394.2281515922346,1545.8513294373415
2026-07-28,542.3550540206243,-371.16887428226147,1546.646503482319
2026-07-29,551.233482344115,-417.87008355586386,1464.8473159238438
2026-07-30,520.4575498577213,-339.5655879811091,1469.9319082426646
2026-07-31,436.5566682540732,-426.52012711237535,1339.3542346981678
2026-08-01,545.0437602684244,-455.7273932868349,1467.1952082245116
2026-08-02,513.6587573324937,-418.43965999671764,1447.3914881467624
2026-08-03,502.63903611949274,-436.6768341328317,1436.319042645004
2026-08-04,495.33798077469766,-427.27370941668585,1404.1970185690525
2026-08-05,502.95745637794295,-423.88928496348416,1418.103389081304
2026-08-06,472.9571515591069,-470.15727894897395,1445.0637272441934
2026-08-07,392.0282928318784,-625.6455073084078,1373.7952712152796
2026-08-08,505.7813093468644,-467.31549534360823,1457.2631484056228
2026-08-09,481.9845056405313,-444.09686693557416,1412.154235003582
2026-08-10,480.8316563376532,-456.62487054735163,1436.4468450543823
2026-08-11,485.559812651796,-464.44153239998695,1389.955205383592
2026-08-12,507.1831497423375,-389.9608489471519,1457.7925031145348
2026-08-13,492.9057953700166,-483.31016827115997,1417.9312559733253
2026-08-14,429.1010642125105,-522.9826176505993,1340.6750553092716
2026-08-15,635.1706036001477,-345.0984998651484,1599.1216793229248
2026-08-16,555.9718684150928,-389.40249372949324,1510.9255218041733
2026-08-17,573.7369410014057,-294.011167602669,1630.6697030953592
2026-08-18,597.0614617098454,-325.63111275544065,1587.3203907167247
2026-08-19,636.4714185012908,-307.2016053348805,1545.5823008733098
2026-08-20,638.6850461620714,-277.38742768603873,1570.879651219447
2026-08-21,589.6053445481473,-395.4574450872604,1517.215382116909
2026-08-22,734.0282244834783,-132.28945972057952,1635.9213367143107
2026-08-23,738.9027817270036,-201.97578855300551,1618.9924719734895
2026-08-24,763.6210203595746,-180.07967480869877,1656.750669843411
2026-08-25,790.657703865775,-146.09332469981337,1688.9771662590608
2026-08-26,830.3255496587605,-115.85182091734218,1837.1562885294877
2026-08-27,829.2081096227251,-187.74836679335786,1776.5572613692132
2026-08-28,773.1571954571477,-162.30538446699734,1700.1607689000114
2026-08-29,907.0037732671383,-46.669879353554514,1877.2317514697525
2026-08-30,897.8187385124925,-88.55539539674663,1860.761843298727
2026-08-31,905.2008647907518,-83.59854187550829,1866.5878211733318
2026-09-01,911.9126391757673,16.151590033649533,1890.7739374919393
2026-09-02,928.6292957400406,-86.85354022998985,1943.8821043851951
2026-09-03,902.363544580119,-49.51603565375653,1880.5119641979547
2026-09-04,498.42137581832094,-486.85330696763805,1463.2233435254118
2026-09-05,925.2599418861239,-4.268477467402096,1869.6627731397853
2026-09-06,887.4187672580399,-10.815819802481847,1832.3936231440252
2026-09-07,866.1110157413407,-61.91800825888533,1761.3305430617656
2026-09-08,844.6867825686569,-74.9574875237228,1747.3197122535087
2026-09-09,834.3995569665788,-18.843330498104322,1694.4302205559707
2026-09-10,782.8169081684914,-128.70896144335805,1767.3827144408463
