rank,product,metric,week_start,week_index,point_forecast,with_safety_30pct
1,Choco Truffle Cake,totalValue,2026-06-15,1,26280.96212153755,34165.250757998816
1,Choco Truffle Cake,totalValue,2026-06-22,2,26280.96212153755,34165.250757998816
1,Choco Truffle Cake,totalValue,2026-06-29,3,26280.96212153755,34165.250757998816
1,Choco Truffle Cake,totalValue,2026-07-06,4,26280.96212153755,34165.250757998816
1,Choco Truffle Cake,totalValue,2026-07-13,5,26280.96212153755,34165.250757998816
1,Choco Truffle Cake,totalValue,2026-07-20,6,26280.96212153755,34165.250757998816
1,Choco Truffle Cake,totalValue,2026-07-27,7,26280.96212153755,34165.250757998816
1,Choco Truffle Cake,totalValue,2026-08-03,8,26280.96212153755,34165.250757998816
1,Choco Truffle Cake,totalValue,2026-08-10,9,26280.96212153755,34165.250757998816
1,Choco Truffle Cake,totalValue,2026-08-17,10,26280.96212153755,34165.250757998816
1,Choco Truffle Cake,totalValue,2026-08-24,11,26280.96212153755,34165.250757998816
1,Choco Truffle Cake,totalValue,2026-08-31,12,26280.96212153755,34165.250757998816
1,Choco Truffle Cake,totalValue,2026-09-07,13,26280.96212153755,34165.250757998816
1,Choco Truffle Cake,qty,2026-06-15,1,197.01139328341216,256.1148112684358
1,Choco Truffle Cake,qty,2026-06-22,2,197.01139328341216,256.1148112684358
1,Choco Truffle Cake,qty,2026-06-29,3,197.01139328341216,256.1148112684358
1,Choco Truffle Cake,qty,2026-07-06,4,197.01139328341216,256.1148112684358
1,Choco Truffle Cake,qty,2026-07-13,5,197.01139328341216,256.1148112684358
1,Choco Truffle Cake,qty,2026-07-20,6,197.01139328341216,256.1148112684358
1,Choco Truffle Cake,qty,2026-07-27,7,197.01139328341216,256.1148112684358
1,Choco Truffle Cake,qty,2026-08-03,8,197.01139328341216,256.1148112684358
1,Choco Truffle Cake,qty,2026-08-10,9,197.01139328341216,256.1148112684358
1,Choco Truffle Cake,qty,2026-08-17,10,197.01139328341216,256.1148112684358
1,Choco Truffle Cake,qty,2026-08-24,11,197.01139328341216,256.1148112684358
1,Choco Truffle Cake,qty,2026-08-31,12,197.01139328341216,256.1148112684358
1,Choco Truffle Cake,qty,2026-09-07,13,197.01139328341216,256.1148112684358
2,Pineapple Cake,totalValue,2026-06-15,1,8329.68721536201,10828.593379970613
2,Pineapple Cake,totalValue,2026-06-22,2,8329.68721536201,10828.593379970613
2,Pineapple Cake,totalValue,2026-06-29,3,8329.68721536201,10828.593379970613
2,Pineapple Cake,totalValue,2026-07-06,4,8329.68721536201,10828.593379970613
2,Pineapple Cake,totalValue,2026-07-13,5,8329.68721536201,10828.593379970613
2,Pineapple Cake,totalValue,2026-07-20,6,8329.68721536201,10828.593379970613
2,Pineapple Cake,totalValue,2026-07-27,7,8329.68721536201,10828.593379970613
2,Pineapple Cake,totalValue,2026-08-03,8,8329.68721536201,10828.593379970613
2,Pineapple Cake,totalValue,2026-08-10,9,8329.68721536201,10828.593379970613
2,Pineapple Cake,totalValue,2026-08-17,10,8329.68721536201,10828.593379970613
2,Pineapple Cake,totalValue,2026-08-24,11,8329.68721536201,10828.593379970613
2,Pineapple Cake,totalValue,2026-08-31,12,8329.68721536201,10828.593379970613
2,Pineapple Cake,totalValue,2026-09-07,13,8329.68721536201,10828.593379970613
2,Pineapple Cake,qty,2026-06-15,1,52.57386433656105,68.34602363752937
2,Pineapple Cake,qty,2026-06-22,2,52.57386433656105,68.34602363752937
2,Pineapple Cake,qty,2026-06-29,3,52.57386433656105,68.34602363752937
2,Pineapple Cake,qty,2026-07-06,4,52.57386433656105,68.34602363752937
2,Pineapple Cake,qty,2026-07-13,5,52.57386433656105,68.34602363752937
2,Pineapple Cake,qty,2026-07-20,6,52.57386433656105,68.34602363752937
2,Pineapple Cake,qty,2026-07-27,7,52.57386433656105,68.34602363752937
2,Pineapple Cake,qty,2026-08-03,8,52.57386433656105,68.34602363752937
2,Pineapple Cake,qty,2026-08-10,9,52.57386433656105,68.34602363752937
2,Pineapple Cake,qty,2026-08-17,10,52.57386433656105,68.34602363752937
2,Pineapple Cake,qty,2026-08-24,11,52.57386433656105,68.34602363752937
2,Pineapple Cake,qty,2026-08-31,12,52.57386433656105,68.34602363752937
2,Pineapple Cake,qty,2026-09-07,13,52.57386433656105,68.34602363752937
3,Fresh Fruit Cake,totalValue,2026-06-15,1,9279.30015235757,12063.090198064841
3,Fresh Fruit Cake,totalValue,2026-06-22,2,9279.30015235757,12063.090198064841
3,Fresh Fruit Cake,totalValue,2026-06-29,3,9279.30015235757,12063.090198064841
3,Fresh Fruit Cake,totalValue,2026-07-06,4,9279.30015235757,12063.090198064841
3,Fresh Fruit Cake,totalValue,2026-07-13,5,9279.30015235757,12063.090198064841
3,Fresh Fruit Cake,totalValue,2026-07-20,6,9279.30015235757,12063.090198064841
3,Fresh Fruit Cake,totalValue,2026-07-27,7,9279.30015235757,12063.090198064841
3,Fresh Fruit Cake,totalValue,2026-08-03,8,9279.30015235757,12063.090198064841
3,Fresh Fruit Cake,totalValue,2026-08-10,9,9279.30015235757,12063.090198064841
3,Fresh Fruit Cake,totalValue,2026-08-17,10,9279.30015235757,12063.090198064841
3,Fresh Fruit Cake,totalValue,2026-08-24,11,9279.30015235757,12063.090198064841
3,Fresh Fruit Cake,totalValue,2026-08-31,12,9279.30015235757,12063.090198064841
3,Fresh Fruit Cake,totalValue,2026-09-07,13,9279.30015235757,12063.090198064841
3,Fresh Fruit Cake,qty,2026-06-15,1,50.478496979441815,65.62204607327436
3,Fresh Fruit Cake,qty,2026-06-22,2,50.478496979441815,65.62204607327436
3,Fresh Fruit Cake,qty,2026-06-29,3,50.478496979441815,65.62204607327436
3,Fresh Fruit Cake,qty,2026-07-06,4,50.478496979441815,65.62204607327436
3,Fresh Fruit Cake,qty,2026-07-13,5,50.478496979441815,65.62204607327436
3,Fresh Fruit Cake,qty,2026-07-20,6,50.478496979441815,65.62204607327436
3,Fresh Fruit Cake,qty,2026-07-27,7,50.478496979441815,65.62204607327436
3,Fresh Fruit Cake,qty,2026-08-03,8,50.478496979441815,65.62204607327436
3,Fresh Fruit Cake,qty,2026-08-10,9,50.478496979441815,65.62204607327436
3,Fresh Fruit Cake,qty,2026-08-17,10,50.478496979441815,65.62204607327436
3,Fresh Fruit Cake,qty,2026-08-24,11,50.478496979441815,65.62204607327436
3,Fresh Fruit Cake,qty,2026-08-31,12,50.478496979441815,65.62204607327436
3,Fresh Fruit Cake,qty,2026-09-07,13,50.478496979441815,65.62204607327436
4,Ferrero Rocher Cake,totalValue,2026-06-15,1,14270.640118984516,18551.832154679872
4,Ferrero Rocher Cake,totalValue,2026-06-22,2,14270.640118984516,18551.832154679872
4,Ferrero Rocher Cake,totalValue,2026-06-29,3,14270.640118984516,18551.832154679872
4,Ferrero Rocher Cake,totalValue,2026-07-06,4,14270.640118984516,18551.832154679872
4,Ferrero Rocher Cake,totalValue,2026-07-13,5,14270.640118984516,18551.832154679872
4,Ferrero Rocher Cake,totalValue,2026-07-20,6,14270.640118984516,18551.832154679872
4,Ferrero Rocher Cake,totalValue,2026-07-27,7,14270.640118984516,18551.832154679872
4,Ferrero Rocher Cake,totalValue,2026-08-03,8,14270.640118984516,18551.832154679872
4,Ferrero Rocher Cake,totalValue,2026-08-10,9,14270.640118984516,18551.832154679872
4,Ferrero Rocher Cake,totalValue,2026-08-17,10,14270.640118984516,18551.832154679872
4,Ferrero Rocher Cake,totalValue,2026-08-24,11,14270.640118984516,18551.832154679872
4,Ferrero Rocher Cake,totalValue,2026-08-31,12,14270.640118984516,18551.832154679872
4,Ferrero Rocher Cake,totalValue,2026-09-07,13,14270.640118984516,18551.832154679872
4,Ferrero Rocher Cake,qty,2026-06-15,1,45.26490502791276,58.84437653628659
4,Ferrero Rocher Cake,qty,2026-06-22,2,45.26490502791276,58.84437653628659
4,Ferrero Rocher Cake,qty,2026-06-29,3,45.26490502791276,58.84437653628659
4,Ferrero Rocher Cake,qty,2026-07-06,4,45.26490502791276,58.84437653628659
4,Ferrero Rocher Cake,qty,2026-07-13,5,45.26490502791276,58.84437653628659
4,Ferrero Rocher Cake,qty,2026-07-20,6,45.26490502791276,58.84437653628659
4,Ferrero Rocher Cake,qty,2026-07-27,7,45.26490502791276,58.84437653628659
4,Ferrero Rocher Cake,qty,2026-08-03,8,45.26490502791276,58.84437653628659
4,Ferrero Rocher Cake,qty,2026-08-10,9,45.26490502791276,58.84437653628659
4,Ferrero Rocher Cake,qty,2026-08-17,10,45.26490502791276,58.84437653628659
4,Ferrero Rocher Cake,qty,2026-08-24,11,45.26490502791276,58.84437653628659
4,Ferrero Rocher Cake,qty,2026-08-31,12,45.26490502791276,58.84437653628659
4,Ferrero Rocher Cake,qty,2026-09-07,13,45.26490502791276,58.84437653628659
5,Belgium Choco Mousse Cake,totalValue,2026-06-15,1,4692.0624165229665,6099.681141479857
5,Belgium Choco Mousse Cake,totalValue,2026-06-22,2,4692.0624165229665,6099.681141479857
5,Belgium Choco Mousse Cake,totalValue,2026-06-29,3,4692.0624165229665,6099.681141479857
5,Belgium Choco Mousse Cake,totalValue,2026-07-06,4,4692.0624165229665,6099.681141479857
5,Belgium Choco Mousse Cake,totalValue,2026-07-13,5,4692.0624165229665,6099.681141479857
5,Belgium Choco Mousse Cake,totalValue,2026-07-20,6,4692.0624165229665,6099.681141479857
5,Belgium Choco Mousse Cake,totalValue,2026-07-27,7,4692.0624165229665,6099.681141479857
5,Belgium Choco Mousse Cake,totalValue,2026-08-03,8,4692.0624165229665,6099.681141479857
5,Belgium Choco Mousse Cake,totalValue,2026-08-10,9,4692.0624165229665,6099.681141479857
5,Belgium Choco Mousse Cake,totalValue,2026-08-17,10,4692.0624165229665,6099.681141479857
5,Belgium Choco Mousse Cake,totalValue,2026-08-24,11,4692.0624165229665,6099.681141479857
5,Belgium Choco Mousse Cake,totalValue,2026-08-31,12,4692.0624165229665,6099.681141479857
5,Belgium Choco Mousse Cake,totalValue,2026-09-07,13,4692.0624165229665,6099.681141479857
5,Belgium Choco Mousse Cake,qty,2026-06-15,1,18.22900273938192,23.697703561196494
5,Belgium Choco Mousse Cake,qty,2026-06-22,2,18.22900273938192,23.697703561196494
5,Belgium Choco Mousse Cake,qty,2026-06-29,3,18.22900273938192,23.697703561196494
5,Belgium Choco Mousse Cake,qty,2026-07-06,4,18.22900273938192,23.697703561196494
5,Belgium Choco Mousse Cake,qty,2026-07-13,5,18.22900273938192,23.697703561196494
5,Belgium Choco Mousse Cake,qty,2026-07-20,6,18.22900273938192,23.697703561196494
5,Belgium Choco Mousse Cake,qty,2026-07-27,7,18.22900273938192,23.697703561196494
5,Belgium Choco Mousse Cake,qty,2026-08-03,8,18.22900273938192,23.697703561196494
5,Belgium Choco Mousse Cake,qty,2026-08-10,9,18.22900273938192,23.697703561196494
5,Belgium Choco Mousse Cake,qty,2026-08-17,10,18.22900273938192,23.697703561196494
5,Belgium Choco Mousse Cake,qty,2026-08-24,11,18.22900273938192,23.697703561196494
5,Belgium Choco Mousse Cake,qty,2026-08-31,12,18.22900273938192,23.697703561196494
5,Belgium Choco Mousse Cake,qty,2026-09-07,13,18.22900273938192,23.697703561196494
6,Biscoff Jar Cake,totalValue,2026-04-20,1,4543.471199951506,5906.512559936958
6,Biscoff Jar Cake,totalValue,2026-04-27,2,4543.471199951506,5906.512559936958
6,Biscoff Jar Cake,totalValue,2026-05-04,3,4543.471199951506,5906.512559936958
6,Biscoff Jar Cake,totalValue,2026-05-11,4,4543.471199951506,5906.512559936958
6,Biscoff Jar Cake,totalValue,2026-05-18,5,4543.471199951506,5906.512559936958
6,Biscoff Jar Cake,totalValue,2026-05-25,6,4543.471199951506,5906.512559936958
6,Biscoff Jar Cake,totalValue,2026-06-01,7,4543.471199951506,5906.512559936958
6,Biscoff Jar Cake,totalValue,2026-06-08,8,4543.471199951506,5906.512559936958
6,Biscoff Jar Cake,totalValue,2026-06-15,9,4543.471199951506,5906.512559936958
6,Biscoff Jar Cake,totalValue,2026-06-22,10,4543.471199951506,5906.512559936958
6,Biscoff Jar Cake,totalValue,2026-06-29,11,4543.471199951506,5906.512559936958
6,Biscoff Jar Cake,totalValue,2026-07-06,12,4543.471199951506,5906.512559936958
6,Biscoff Jar Cake,totalValue,2026-07-13,13,4543.471199951506,5906.512559936958
6,Biscoff Jar Cake,qty,2026-04-20,1,45.39020972553374,59.00727264319386
6,Biscoff Jar Cake,qty,2026-04-27,2,45.39020972553374,59.00727264319386
6,Biscoff Jar Cake,qty,2026-05-04,3,45.39020972553374,59.00727264319386
6,Biscoff Jar Cake,qty,2026-05-11,4,45.39020972553374,59.00727264319386
6,Biscoff Jar Cake,qty,2026-05-18,5,45.39020972553374,59.00727264319386
6,Biscoff Jar Cake,qty,2026-05-25,6,45.39020972553374,59.00727264319386
6,Biscoff Jar Cake,qty,2026-06-01,7,45.39020972553374,59.00727264319386
6,Biscoff Jar Cake,qty,2026-06-08,8,45.39020972553374,59.00727264319386
6,Biscoff Jar Cake,qty,2026-06-15,9,45.39020972553374,59.00727264319386
6,Biscoff Jar Cake,qty,2026-06-22,10,45.39020972553374,59.00727264319386
6,Biscoff Jar Cake,qty,2026-06-29,11,45.39020972553374,59.00727264319386
6,Biscoff Jar Cake,qty,2026-07-06,12,45.39020972553374,59.00727264319386
6,Biscoff Jar Cake,qty,2026-07-13,13,45.39020972553374,59.00727264319386
7,Dream Cake,totalValue,2026-06-15,1,5428.901813659789,7057.5723577577255
7,Dream Cake,totalValue,2026-06-22,2,5428.901813659789,7057.5723577577255
7,Dream Cake,totalValue,2026-06-29,3,5428.901813659789,7057.5723577577255
7,Dream Cake,totalValue,2026-07-06,4,5428.901813659789,7057.5723577577255
7,Dream Cake,totalValue,2026-07-13,5,5428.901813659789,7057.5723577577255
7,Dream Cake,totalValue,2026-07-20,6,5428.901813659789,7057.5723577577255
7,Dream Cake,totalValue,2026-07-27,7,5428.901813659789,7057.5723577577255
7,Dream Cake,totalValue,2026-08-03,8,5428.901813659789,7057.5723577577255
7,Dream Cake,totalValue,2026-08-10,9,5428.901813659789,7057.5723577577255
7,Dream Cake,totalValue,2026-08-17,10,5428.901813659789,7057.5723577577255
7,Dream Cake,totalValue,2026-08-24,11,5428.901813659789,7057.5723577577255
7,Dream Cake,totalValue,2026-08-31,12,5428.901813659789,7057.5723577577255
7,Dream Cake,totalValue,2026-09-07,13,5428.901813659789,7057.5723577577255
7,Dream Cake,qty,2026-06-15,1,31.9123802374773,41.48609430872049
7,Dream Cake,qty,2026-06-22,2,31.9123802374773,41.48609430872049
7,Dream Cake,qty,2026-06-29,3,31.9123802374773,41.48609430872049
7,Dream Cake,qty,2026-07-06,4,31.9123802374773,41.48609430872049
7,Dream Cake,qty,2026-07-13,5,31.9123802374773,41.48609430872049
7,Dream Cake,qty,2026-07-20,6,31.9123802374773,41.48609430872049
7,Dream Cake,qty,2026-07-27,7,31.9123802374773,41.48609430872049
7,Dream Cake,qty,2026-08-03,8,31.9123802374773,41.48609430872049
7,Dream Cake,qty,2026-08-10,9,31.9123802374773,41.48609430872049
7,Dream Cake,qty,2026-08-17,10,31.9123802374773,41.48609430872049
7,Dream Cake,qty,2026-08-24,11,31.9123802374773,41.48609430872049
7,Dream Cake,qty,2026-08-31,12,31.9123802374773,41.48609430872049
7,Dream Cake,qty,2026-09-07,13,31.9123802374773,41.48609430872049
8,Tiramisu Cake,totalValue,2026-06-15,1,4264.770035951273,5544.2010467366545
8,Tiramisu Cake,totalValue,2026-06-22,2,4264.770035951273,5544.2010467366545
8,Tiramisu Cake,totalValue,2026-06-29,3,4264.770035951273,5544.2010467366545
8,Tiramisu Cake,totalValue,2026-07-06,4,4264.770035951273,5544.2010467366545
8,Tiramisu Cake,totalValue,2026-07-13,5,4264.770035951273,5544.2010467366545
8,Tiramisu Cake,totalValue,2026-07-20,6,4264.770035951273,5544.2010467366545
8,Tiramisu Cake,totalValue,2026-07-27,7,4264.770035951273,5544.2010467366545
8,Tiramisu Cake,totalValue,2026-08-03,8,4264.770035951273,5544.2010467366545
8,Tiramisu Cake,totalValue,2026-08-10,9,4264.770035951273,5544.2010467366545
8,Tiramisu Cake,totalValue,2026-08-17,10,4264.770035951273,5544.2010467366545
8,Tiramisu Cake,totalValue,2026-08-24,11,4264.770035951273,5544.2010467366545
8,Tiramisu Cake,totalValue,2026-08-31,12,4264.770035951273,5544.2010467366545
8,Tiramisu Cake,totalValue,2026-09-07,13,4264.770035951273,5544.2010467366545
8,Tiramisu Cake,qty,2026-06-15,1,22.409227586094293,29.131995861922583
8,Tiramisu Cake,qty,2026-06-22,2,22.409227586094293,29.131995861922583
8,Tiramisu Cake,qty,2026-06-29,3,22.409227586094293,29.131995861922583
8,Tiramisu Cake,qty,2026-07-06,4,22.409227586094293,29.131995861922583
8,Tiramisu Cake,qty,2026-07-13,5,22.409227586094293,29.131995861922583
8,Tiramisu Cake,qty,2026-07-20,6,22.409227586094293,29.131995861922583
8,Tiramisu Cake,qty,2026-07-27,7,22.409227586094293,29.131995861922583
8,Tiramisu Cake,qty,2026-08-03,8,22.409227586094293,29.131995861922583
8,Tiramisu Cake,qty,2026-08-10,9,22.409227586094293,29.131995861922583
8,Tiramisu Cake,qty,2026-08-17,10,22.409227586094293,29.131995861922583
8,Tiramisu Cake,qty,2026-08-24,11,22.409227586094293,29.131995861922583
8,Tiramisu Cake,qty,2026-08-31,12,22.409227586094293,29.131995861922583
8,Tiramisu Cake,qty,2026-09-07,13,22.409227586094293,29.131995861922583
9,Butterscotch Cake,totalValue,2026-06-15,1,3073.2375290392147,3995.2087877509794
9,Butterscotch Cake,totalValue,2026-06-22,2,3073.2375290392147,3995.2087877509794
9,Butterscotch Cake,totalValue,2026-06-29,3,3073.2375290392147,3995.2087877509794
9,Butterscotch Cake,totalValue,2026-07-06,4,3073.2375290392147,3995.2087877509794
9,Butterscotch Cake,totalValue,2026-07-13,5,3073.2375290392147,3995.2087877509794
9,Butterscotch Cake,totalValue,2026-07-20,6,3073.2375290392147,3995.2087877509794
9,Butterscotch Cake,totalValue,2026-07-27,7,3073.2375290392147,3995.2087877509794
9,Butterscotch Cake,totalValue,2026-08-03,8,3073.2375290392147,3995.2087877509794
9,Butterscotch Cake,totalValue,2026-08-10,9,3073.2375290392147,3995.2087877509794
9,Butterscotch Cake,totalValue,2026-08-17,10,3073.2375290392147,3995.2087877509794
9,Butterscotch Cake,totalValue,2026-08-24,11,3073.2375290392147,3995.2087877509794
9,Butterscotch Cake,totalValue,2026-08-31,12,3073.2375290392147,3995.2087877509794
9,Butterscotch Cake,totalValue,2026-09-07,13,3073.2375290392147,3995.2087877509794
9,Butterscotch Cake,qty,2026-06-15,1,25.002351560472018,32.503057028613625
9,Butterscotch Cake,qty,2026-06-22,2,25.002351560472018,32.503057028613625
9,Butterscotch Cake,qty,2026-06-29,3,25.002351560472018,32.503057028613625
9,Butterscotch Cake,qty,2026-07-06,4,25.002351560472018,32.503057028613625
9,Butterscotch Cake,qty,2026-07-13,5,25.002351560472018,32.503057028613625
9,Butterscotch Cake,qty,2026-07-20,6,25.002351560472018,32.503057028613625
9,Butterscotch Cake,qty,2026-07-27,7,25.002351560472018,32.503057028613625
9,Butterscotch Cake,qty,2026-08-03,8,25.002351560472018,32.503057028613625
9,Butterscotch Cake,qty,2026-08-10,9,25.002351560472018,32.503057028613625
9,Butterscotch Cake,qty,2026-08-17,10,25.002351560472018,32.503057028613625
9,Butterscotch Cake,qty,2026-08-24,11,25.002351560472018,32.503057028613625
9,Butterscotch Cake,qty,2026-08-31,12,25.002351560472018,32.503057028613625
9,Butterscotch Cake,qty,2026-09-07,13,25.002351560472018,32.503057028613625
10,Choco Vanilla Cake,totalValue,2026-06-15,1,2664.57109114069,3463.942418482897
10,Choco Vanilla Cake,totalValue,2026-06-22,2,2664.57109114069,3463.942418482897
10,Choco Vanilla Cake,totalValue,2026-06-29,3,2664.57109114069,3463.942418482897
10,Choco Vanilla Cake,totalValue,2026-07-06,4,2664.57109114069,3463.942418482897
10,Choco Vanilla Cake,totalValue,2026-07-13,5,2664.57109114069,3463.942418482897
10,Choco Vanilla Cake,totalValue,2026-07-20,6,2664.57109114069,3463.942418482897
10,Choco Vanilla Cake,totalValue,2026-07-27,7,2664.57109114069,3463.942418482897
10,Choco Vanilla Cake,totalValue,2026-08-03,8,2664.57109114069,3463.942418482897
10,Choco Vanilla Cake,totalValue,2026-08-10,9,2664.57109114069,3463.942418482897
10,Choco Vanilla Cake,totalValue,2026-08-17,10,2664.57109114069,3463.942418482897
10,Choco Vanilla Cake,totalValue,2026-08-24,11,2664.57109114069,3463.942418482897
10,Choco Vanilla Cake,totalValue,2026-08-31,12,2664.57109114069,3463.942418482897
10,Choco Vanilla Cake,totalValue,2026-09-07,13,2664.57109114069,3463.942418482897
10,Choco Vanilla Cake,qty,2026-06-15,1,21.514518195147513,27.96887365369177
10,Choco Vanilla Cake,qty,2026-06-22,2,21.514518195147513,27.96887365369177
10,Choco Vanilla Cake,qty,2026-06-29,3,21.514518195147513,27.96887365369177
10,Choco Vanilla Cake,qty,2026-07-06,4,21.514518195147513,27.96887365369177
10,Choco Vanilla Cake,qty,2026-07-13,5,21.514518195147513,27.96887365369177
10,Choco Vanilla Cake,qty,2026-07-20,6,21.514518195147513,27.96887365369177
10,Choco Vanilla Cake,qty,2026-07-27,7,21.514518195147513,27.96887365369177
10,Choco Vanilla Cake,qty,2026-08-03,8,21.514518195147513,27.96887365369177
10,Choco Vanilla Cake,qty,2026-08-10,9,21.514518195147513,27.96887365369177
10,Choco Vanilla Cake,qty,2026-08-17,10,21.514518195147513,27.96887365369177
10,Choco Vanilla Cake,qty,2026-08-24,11,21.514518195147513,27.96887365369177
10,Choco Vanilla Cake,qty,2026-08-31,12,21.514518195147513,27.96887365369177
10,Choco Vanilla Cake,qty,2026-09-07,13,21.514518195147513,27.96887365369177
