rank,product,metric,fold,fold_idx,cutoff,model,MAE,RMSE,sMAPE,ActualSum,ForecastSum,SumPctErr
1,Choco Truffle Cake,totalValue,CV-0,0,2025-03-17,Prophet,27790.9223721793,29623.580044810224,58.557949346552704,464105.0672,825387.0580383309,77.84487099397282
1,Choco Truffle Cake,totalValue,CV-0,0,2025-03-17,AutoARIMA,9955.097771610328,11258.401768369311,26.96718976035851,464105.0672,486010.89035291097,4.720013785902266
1,Choco Truffle Cake,totalValue,CV-0,0,2025-03-17,AutoETS,9675.792224456583,11144.180817887642,26.552231821250356,464105.0672,479939.6984666324,3.4118634735372715
1,Choco Truffle Cake,totalValue,CV-0,0,2025-03-17,Croston,9883.924189351377,11216.232840551258,27.10183224543019,464105.0672,486974.5588800765,4.927653950871692
1,Choco Truffle Cake,totalValue,CV-0,0,2025-03-17,LightGBM,10861.316137315695,11604.374547808164,29.553194822075373,464105.0672,520177.16565849824,12.081768207528471
2,Pineapple Cake,totalValue,CV-0,0,2025-03-17,Prophet,5404.130498960009,6761.590960848543,30.764542983722997,236522.18,267884.3329614815,13.259709073153934
2,Pineapple Cake,totalValue,CV-0,0,2025-03-17,AutoARIMA,4923.52771587696,6219.342306820386,26.15755169025688,236522.18,206693.42897932007,-12.611396961029161
2,Pineapple Cake,totalValue,CV-0,0,2025-03-17,AutoETS,5883.341561627602,7491.8030181299155,34.39503459652515,236522.18,194566.20801213363,-17.73870509221011
2,Pineapple Cake,totalValue,CV-0,0,2025-03-17,Croston,5877.925662375176,7487.475607019743,34.35951589276938,236522.18,194696.96329408506,-17.683422631194645
2,Pineapple Cake,totalValue,CV-0,0,2025-03-17,LightGBM,15545.751398091881,16913.032204870746,102.63954403989143,236522.18,295120.75073879084,24.775084830856393
3,Fresh Fruit Cake,totalValue,CV-0,0,2025-03-17,Prophet,8503.926201746757,8901.136099195684,70.2170851024812,104236.48,214787.52062270787,106.05791813260375
3,Fresh Fruit Cake,totalValue,CV-0,0,2025-03-17,AutoARIMA,5491.773827124945,5739.778566884218,52.015252789578305,104236.48,175629.5397526243,68.49143385561783
3,Fresh Fruit Cake,totalValue,CV-0,0,2025-03-17,AutoETS,3181.326650643635,3619.9502959476076,35.2299612079705,104236.48,144786.29599541938,38.901751090807544
3,Fresh Fruit Cake,totalValue,CV-0,0,2025-03-17,Croston,2941.7517169791167,3326.4043730928815,33.17021565138577,104236.48,140287.6111299412,34.58590613376544
3,Fresh Fruit Cake,totalValue,CV-0,0,2025-03-17,LightGBM,18102.584332167527,22889.838026754787,95.16120956426685,104236.48,319329.5620709448,206.3510606564466
4,Ferrero Rocher Cake,totalValue,CV-0,0,2025-03-17,Prophet,1559.0547482554562,2292.6725783035376,29.600628285672535,70684.37,90749.14020057098,28.38643139999831
4,Ferrero Rocher Cake,totalValue,CV-0,0,2025-03-17,AutoARIMA,2996.792144088068,3576.6808958008155,46.665456779461735,70684.37,109642.66787314489,55.11585923895891
4,Ferrero Rocher Cake,totalValue,CV-0,0,2025-03-17,AutoETS,3031.265249348991,3607.884956252489,47.0241784450363,70684.37,110090.81824153688,55.749875455545386
4,Ferrero Rocher Cake,totalValue,CV-0,0,2025-03-17,Croston,1379.321064135591,1765.3054199434785,27.709190652916345,70684.37,78218.1898389149,10.658395680565455
4,Ferrero Rocher Cake,totalValue,CV-0,0,2025-03-17,LightGBM,1064.25693231432,1330.8499168350934,22.102535624349812,70684.37,68772.54724011877,-2.7047319794761173
5,Belgium Choco Mousse Cake,totalValue,CV-0,0,2025-03-17,Prophet,3531.6636156538716,4343.519182001009,37.56316903701527,116446.50720000002,151605.6132578176,30.193353929827083
5,Belgium Choco Mousse Cake,totalValue,CV-0,0,2025-03-17,AutoARIMA,3556.3224344401383,4480.907885147168,40.403217543690076,116446.50720000002,125287.59643307736,7.592403967851544
5,Belgium Choco Mousse Cake,totalValue,CV-0,0,2025-03-17,AutoETS,3122.7366089147886,4123.771748028786,37.60418108023151,116446.50720000002,92533.84008665384,-20.535323633430693
5,Belgium Choco Mousse Cake,totalValue,CV-0,0,2025-03-17,Croston,2602.002782059479,3316.4666667752817,30.138474170969182,116446.50720000002,128251.4713136104,10.137671277108407
5,Belgium Choco Mousse Cake,totalValue,CV-0,0,2025-03-17,LightGBM,12079.73057037496,16770.065961746503,74.5878687704355,116446.50720000002,226600.22088620934,94.59597916236108
6,Biscoff Jar Cake,totalValue,CV-0,0,2025-03-17,Prophet,7966.9720615384595,8302.376226674876,200.0,103570.63679999998,0.0,-100.0
6,Biscoff Jar Cake,totalValue,CV-0,0,2025-03-17,AutoARIMA,2280.3506445553785,2752.4061208999256,29.780073952817933,103570.63679999998,86686.55602508804,-16.301995716716444
6,Biscoff Jar Cake,totalValue,CV-0,0,2025-03-17,AutoETS,2207.1286462541934,2627.19512616379,28.864733153330423,103570.63679999998,88387.49828472707,-14.659694083557964
6,Biscoff Jar Cake,totalValue,CV-0,0,2025-03-17,Croston,2189.7991114037645,2593.1836525167223,28.62758885620103,103570.63679999998,88933.10857276383,-14.132893916160757
6,Biscoff Jar Cake,totalValue,CV-0,0,2025-03-17,LightGBM,14561.967154042803,17754.759617509084,86.12743278013913,103570.63679999998,292876.20980255643,182.7791919133556
7,Dream Cake,totalValue,CV-0,0,2025-03-17,Prophet,2710.373837879705,3418.845554691371,48.70578691994412,60064.92000000001,83217.43333698603,38.54581565577047
7,Dream Cake,totalValue,CV-0,0,2025-03-17,AutoARIMA,1649.6234769374619,2065.1805789637287,36.172353520191194,60064.92000000001,72399.60965749015,20.53559658031698
7,Dream Cake,totalValue,CV-0,0,2025-03-17,AutoETS,1685.7664163084594,2096.7363490569487,36.756780736918856,60064.92000000001,73268.69826179219,21.982512024975932
7,Dream Cake,totalValue,CV-0,0,2025-03-17,Croston,1700.3080049225432,2106.9912299544844,36.99493797308475,60064.92000000001,73541.75698132331,22.437118007188385
7,Dream Cake,totalValue,CV-0,0,2025-03-17,LightGBM,2167.1679227735162,2494.697410400952,45.792592723078975,60064.92000000001,67794.20547805479,12.868219050412083
8,Tiramisu Cake,totalValue,CV-0,0,2025-03-17,Prophet,1464.9357331193241,1892.0571408047763,27.451856159795867,73176.56,84233.38530936786,15.109791044246771
8,Tiramisu Cake,totalValue,CV-0,0,2025-03-17,AutoARIMA,1632.061070153371,2014.32056972506,29.759017823972446,73176.56,89493.94179794942,22.298645629077697
8,Tiramisu Cake,totalValue,CV-0,0,2025-03-17,AutoETS,1644.7718531937255,2060.0513840509802,29.745742926945724,73176.56,90151.17898869974,23.196798248919798
8,Tiramisu Cake,totalValue,CV-0,0,2025-03-17,Croston,1459.117477792082,1791.118614016321,27.925015253959685,73176.56,68794.68125062762,-5.988090652761457
8,Tiramisu Cake,totalValue,CV-0,0,2025-03-17,LightGBM,1939.186822636742,2264.5432604416246,37.78477716495943,73176.56,62315.458089927735,-14.842323703208052
9,Butterscotch Cake,totalValue,CV-0,0,2025-03-17,Prophet,4727.179835149668,5038.304829789836,75.29219371483077,58757.36200000001,117188.89099685187,99.44546012268532
9,Butterscotch Cake,totalValue,CV-0,0,2025-03-17,AutoARIMA,1811.1270299731773,2260.4822537877194,40.0426962273408,58757.36200000001,59263.48206546701,0.8613730232936646
9,Butterscotch Cake,totalValue,CV-0,0,2025-03-17,AutoETS,1813.8814497810176,2261.382393132328,40.087746816401186,58757.36200000001,59728.97901299204,1.653608977530387
9,Butterscotch Cake,totalValue,CV-0,0,2025-03-17,Croston,1836.3868094455092,2283.64614674756,40.42973773478341,58757.36200000001,63005.308265430365,7.229640883861253
9,Butterscotch Cake,totalValue,CV-0,0,2025-03-17,LightGBM,1596.368958228008,2151.389507842583,35.17526918640594,58757.36200000001,59511.74599660946,1.2838969806191312
10,Choco Vanilla Cake,totalValue,CV-0,0,2025-03-17,Prophet,4691.371196024483,5030.257091265491,91.0093896451001,46371.2984,102532.43789121874,121.11185459326872
10,Choco Vanilla Cake,totalValue,CV-0,0,2025-03-17,AutoARIMA,2210.3524046099465,2681.9417181671943,58.66760922295595,46371.2984,52891.99102558301,14.061915129775645
10,Choco Vanilla Cake,totalValue,CV-0,0,2025-03-17,AutoETS,2218.942588322692,2684.9711114288602,58.853382154405175,46371.2984,53099.3826037907,14.509156387544023
10,Choco Vanilla Cake,totalValue,CV-0,0,2025-03-17,Croston,2412.1159746084154,2776.5285757902434,62.756831568360504,46371.2984,57763.14007268891,24.56657903866007
10,Choco Vanilla Cake,totalValue,CV-0,0,2025-03-17,LightGBM,2257.0497175107816,2855.2789581599036,56.47560853197283,46371.2984,55013.84405618911,18.6377046888752
1,Choco Truffle Cake,totalValue,CV-1,1,2025-06-16,Prophet,16524.23743784746,17927.879818453668,32.8577606629595,596004.9,738700.1698097333,23.941962525766694
1,Choco Truffle Cake,totalValue,CV-1,1,2025-06-16,AutoARIMA,8502.348146808738,11696.30337920062,17.709241194717094,596004.9,596318.7568756472,0.0526601166613242
1,Choco Truffle Cake,totalValue,CV-1,1,2025-06-16,AutoETS,9613.996433445602,14825.872395340644,19.94037766008842,596004.9,528428.534249231,-11.338223184200169
1,Choco Truffle Cake,totalValue,CV-1,1,2025-06-16,Croston,9747.4944084485,15038.462345073558,20.253068684485445,596004.9,520908.1483240678,-12.600022529333602
1,Choco Truffle Cake,totalValue,CV-1,1,2025-06-16,LightGBM,11875.714483778343,17585.25363740005,27.13838193385529,596004.9,487627.4543953691,-18.183985669351195
2,Pineapple Cake,totalValue,CV-1,1,2025-06-16,Prophet,8301.214244168517,10456.230241138024,33.94585941451329,319275.81,296348.3420894599,-7.181085191057887
2,Pineapple Cake,totalValue,CV-1,1,2025-06-16,AutoARIMA,7590.718143924124,9294.751863556501,30.238185315473153,319275.81,352382.8464153328,10.36941583997009
2,Pineapple Cake,totalValue,CV-1,1,2025-06-16,AutoETS,7547.16915723029,9546.108479364715,30.85033197110621,319275.81,304207.9175719191,-4.719396821225167
2,Pineapple Cake,totalValue,CV-1,1,2025-06-16,Croston,7492.151480209878,9659.075610346468,30.612417538005825,319275.81,294909.9301554693,-7.631608496907647
2,Pineapple Cake,totalValue,CV-1,1,2025-06-16,LightGBM,14295.028893004232,16639.29866944139,48.172437268832866,319275.81,494805.6272114018,54.97748708597805
3,Fresh Fruit Cake,totalValue,CV-1,1,2025-06-16,Prophet,3465.0453609723772,3974.2999766889484,28.597378100568417,162918.41,171919.39030767654,5.524839278554547
3,Fresh Fruit Cake,totalValue,CV-1,1,2025-06-16,AutoARIMA,5488.299903323096,6338.026023979723,51.90197355569419,162918.41,91570.51125679976,-43.79363801991454
3,Fresh Fruit Cake,totalValue,CV-1,1,2025-06-16,AutoETS,5176.311821337694,6137.380975507511,47.00447862955409,162918.41,98485.20656308452,-39.54936918235053
3,Fresh Fruit Cake,totalValue,CV-1,1,2025-06-16,Croston,4827.003764116488,5759.068402044255,42.91704014251048,162918.41,104685.77055204476,-35.7434371277962
3,Fresh Fruit Cake,totalValue,CV-1,1,2025-06-16,LightGBM,6071.226456459268,7194.833163508302,58.57661317666045,162918.41,83992.46606602953,-48.44507378507467
4,Ferrero Rocher Cake,totalValue,CV-1,1,2025-06-16,Prophet,3406.511788405881,4533.586647519998,31.891709991905625,140924.40999999997,96865.80543757982,-31.263997885405487
4,Ferrero Rocher Cake,totalValue,CV-1,1,2025-06-16,AutoARIMA,6213.07554993534,7261.479664449349,73.01955122184454,140924.40999999997,60154.4278508406,-57.3144014930837
4,Ferrero Rocher Cake,totalValue,CV-1,1,2025-06-16,AutoETS,8260.137441989333,9373.498594206832,114.91886825133102,140924.40999999997,33542.62325413869,-76.1981453361141
4,Ferrero Rocher Cake,totalValue,CV-1,1,2025-06-16,Croston,6180.888791533143,7233.959177470326,72.43442720372765,140924.40999999997,60572.85571006911,-57.017484969375346
4,Ferrero Rocher Cake,totalValue,CV-1,1,2025-06-16,LightGBM,4883.6766242924605,5822.8846883353235,53.46226647189659,140924.40999999997,77436.61388419801,-45.050957542275306
5,Belgium Choco Mousse Cake,totalValue,CV-1,1,2025-06-16,Prophet,6070.234884379718,6656.74774474413,54.340588510770836,124223.45,189424.2399234321,52.48670031578747
5,Belgium Choco Mousse Cake,totalValue,CV-1,1,2025-06-16,AutoARIMA,3240.8495143863356,4632.3714866394475,33.87674910218607,124223.45,100797.76519882845,-18.857699412769126
5,Belgium Choco Mousse Cake,totalValue,CV-1,1,2025-06-16,AutoETS,3345.9438144981727,4537.987838005014,35.64868487723431,124223.45,109619.3853498089,-11.75628647424548
5,Belgium Choco Mousse Cake,totalValue,CV-1,1,2025-06-16,Croston,3344.3619982261125,4532.941052539409,35.63017150608458,124223.45,109886.71229978706,-11.541088015356953
5,Belgium Choco Mousse Cake,totalValue,CV-1,1,2025-06-16,LightGBM,3743.912655584438,4925.277747163827,40.53254431207253,124223.45,104719.72972166307,-15.70051409644228
6,Biscoff Jar Cake,totalValue,CV-1,1,2025-06-16,Prophet,14518.453255893015,14926.280416098394,103.84623671338649,90550.73999999999,279290.6323266092,208.4355051395596
6,Biscoff Jar Cake,totalValue,CV-1,1,2025-06-16,AutoARIMA,2769.5773520913817,3189.53161996319,37.61149309235936,90550.73999999999,115299.02815894276,27.330851364597102
6,Biscoff Jar Cake,totalValue,CV-1,1,2025-06-16,AutoETS,2520.522351162362,3040.5454263775887,34.9263431456339,90550.73999999999,110295.33359609719,21.805005233637186
6,Biscoff Jar Cake,totalValue,CV-1,1,2025-06-16,Croston,2541.830752180911,3056.8000679618176,35.163396027812745,90550.73999999999,110656.3752353971,22.20372272539917
6,Biscoff Jar Cake,totalValue,CV-1,1,2025-06-16,LightGBM,2464.978238559074,3065.1918026243775,37.22642776884519,90550.73999999999,80086.81241950448,-11.555871968020925
7,Dream Cake,totalValue,CV-1,1,2025-06-16,Prophet,3113.56435314386,3883.8510283407995,51.93699881532198,63029.64999999999,91203.20725636736,44.69889529192591
7,Dream Cake,totalValue,CV-1,1,2025-06-16,AutoARIMA,1512.124369651812,2203.4052525443226,31.431547667045734,63029.64999999999,65808.56569423125,4.408902309042272
7,Dream Cake,totalValue,CV-1,1,2025-06-16,AutoETS,1512.5502872043146,2203.512960894784,31.439393289163466,63029.64999999999,65822.96170750585,4.431742374431497
7,Dream Cake,totalValue,CV-1,1,2025-06-16,Croston,1512.7155464938426,2203.5549010030268,31.442436814646612,63029.64999999999,65828.54747149188,4.4406044956491035
7,Dream Cake,totalValue,CV-1,1,2025-06-16,LightGBM,2210.262255496378,2732.126039333758,41.88345746930624,63029.64999999999,82174.53041521362,30.374403816638107
8,Tiramisu Cake,totalValue,CV-1,1,2025-06-16,Prophet,3401.3780130578484,4853.6418782706,36.8927509134372,119083.1,89227.04454844362,-25.07161423540064
8,Tiramisu Cake,totalValue,CV-1,1,2025-06-16,AutoARIMA,3202.9330313952964,4446.88254812251,34.59131968782586,119083.1,97505.85769419491,-18.11948320610153
8,Tiramisu Cake,totalValue,CV-1,1,2025-06-16,AutoETS,3278.919752628006,4617.629512291566,35.495011608231046,119083.1,92051.52934250381,-22.69975391763919
8,Tiramisu Cake,totalValue,CV-1,1,2025-06-16,Croston,3577.4568437817743,5113.609086373466,39.44209153910195,119083.1,79917.60668017605,-32.889212087881454
8,Tiramisu Cake,totalValue,CV-1,1,2025-06-16,LightGBM,3791.3084916530574,4978.802528264079,43.38283927410221,119083.1,83155.15311760116,-30.170483370351324
9,Butterscotch Cake,totalValue,CV-1,1,2025-06-16,Prophet,2490.4503031005447,2964.7197017495882,40.605608573242776,72013.95999999999,93951.36718771822,30.462714712145022
9,Butterscotch Cake,totalValue,CV-1,1,2025-06-16,AutoARIMA,1529.6312766276367,2034.8307549625042,27.281078543943295,72013.95999999999,69527.49525002354,-3.4527538132557276
9,Butterscotch Cake,totalValue,CV-1,1,2025-06-16,AutoETS,1520.071382784143,2039.1417863019449,27.103148363646024,72013.95999999999,68988.95456350672,-4.200581993398604
9,Butterscotch Cake,totalValue,CV-1,1,2025-06-16,Croston,1452.71968133796,2092.631388021508,25.786077331095846,72013.95999999999,65194.80871537175,-9.469207476756234
9,Butterscotch Cake,totalValue,CV-1,1,2025-06-16,LightGBM,1990.214832195913,2549.9607520500663,38.90260873519068,72013.95999999999,49723.16155899137,-30.953440750944157
10,Choco Vanilla Cake,totalValue,CV-1,1,2025-06-16,Prophet,3185.2580126688763,3591.1418756504495,62.279141096505164,53552.31,93881.01412643249,75.30712330884045
10,Choco Vanilla Cake,totalValue,CV-1,1,2025-06-16,AutoARIMA,1680.611346196176,2024.668209151545,40.650472823944746,53552.31,60125.04550143073,12.273486431174925
10,Choco Vanilla Cake,totalValue,CV-1,1,2025-06-16,AutoETS,1666.2842674733022,2015.6888922192975,40.371364484362154,53552.31,59640.7902405976,11.369220563216789
10,Choco Vanilla Cake,totalValue,CV-1,1,2025-06-16,Croston,1486.9516226701958,1960.52527132694,36.5646907249681,53552.31,53579.34684625262,0.050486797399820746
10,Choco Vanilla Cake,totalValue,CV-1,1,2025-06-16,LightGBM,1362.1603278100133,1712.6634643443965,34.790822698043655,53552.31,47989.24153786759,-10.388101768406276
1,Choco Truffle Cake,totalValue,CV-2,2,2025-09-15,Prophet,12110.085788094855,14743.354058536468,24.297318289826126,633699.8600000001,722343.7870122944,13.98831412276062
1,Choco Truffle Cake,totalValue,CV-2,2,2025-09-15,AutoARIMA,10752.74037543029,13209.3159463307,21.69258836318316,633699.8600000001,732907.3475145841,15.655280011358052
1,Choco Truffle Cake,totalValue,CV-2,2,2025-09-15,AutoETS,9663.95052818943,11854.910885040714,20.190832405913746,633699.8600000001,640633.280735986,1.094117447964381
1,Choco Truffle Cake,totalValue,CV-2,2,2025-09-15,Croston,9669.623650763466,11851.82192537956,20.203168042362403,633699.8600000001,639674.5230209741,0.9428222093932644
1,Choco Truffle Cake,totalValue,CV-2,2,2025-09-15,LightGBM,11696.963392092019,13060.167479522357,24.341255473654737,633699.8600000001,648365.287830486,2.3142545479631096
2,Pineapple Cake,totalValue,CV-2,2,2025-09-15,Prophet,4560.98701529827,6621.406092477462,23.077655246089208,262827.65,290532.71829730115,10.541154363820217
2,Pineapple Cake,totalValue,CV-2,2,2025-09-15,AutoARIMA,4938.912098229276,6187.847893236928,26.125287205455777,262827.65,220861.27334776946,-15.967260922597209
2,Pineapple Cake,totalValue,CV-2,2,2025-09-15,AutoETS,3899.383680080965,5826.413143243607,20.33465097743187,262827.65,273438.09064456105,4.037033639558479
2,Pineapple Cake,totalValue,CV-2,2,2025-09-15,Croston,4045.1383764999814,5947.85908542115,20.96711355143817,262827.65,281648.9385428323,7.161076295752082
2,Pineapple Cake,totalValue,CV-2,2,2025-09-15,LightGBM,7954.568496781328,10567.025658078892,34.12012728042636,262827.65,358417.0844464427,36.36962642493767
3,Fresh Fruit Cake,totalValue,CV-2,2,2025-09-15,Prophet,3738.933270760207,4781.884580024579,23.869558283341323,209027.31,207451.30617673256,-0.7539702937704368
3,Fresh Fruit Cake,totalValue,CV-2,2,2025-09-15,AutoARIMA,3445.2868909471727,4376.2250057062765,22.035700705391566,209027.31,183156.21581928368,-12.376896674753322
3,Fresh Fruit Cake,totalValue,CV-2,2,2025-09-15,AutoETS,4230.399908141179,5265.445984573595,27.329959319850357,209027.31,174679.9891048281,-16.43197766606282
3,Fresh Fruit Cake,totalValue,CV-2,2,2025-09-15,Croston,4307.780216174753,5369.219762541222,27.888309208948176,209027.31,172064.5346932933,-17.683227759428515
3,Fresh Fruit Cake,totalValue,CV-2,2,2025-09-15,LightGBM,5801.4963611626445,6874.2760334364175,40.66394277109747,209027.31,146574.033171116,-29.878046475785393
4,Ferrero Rocher Cake,totalValue,CV-2,2,2025-09-15,Prophet,8976.099868665055,11088.231406015952,52.761507488414715,257155.63,150391.10387226852,-41.517475673284494
4,Ferrero Rocher Cake,totalValue,CV-2,2,2025-09-15,AutoARIMA,5917.093584089036,8215.943159345376,31.159223325615393,257155.63,210693.54797095503,-18.067689993427315
4,Ferrero Rocher Cake,totalValue,CV-2,2,2025-09-15,AutoETS,7120.699196585245,9507.871794173368,38.57686813994148,257155.63,183862.1784196771,-28.501593210431714
4,Ferrero Rocher Cake,totalValue,CV-2,2,2025-09-15,Croston,7466.581473736899,9812.378335232032,40.94127929560379,257155.63,177367.2778820516,-31.027262408351085
4,Ferrero Rocher Cake,totalValue,CV-2,2,2025-09-15,LightGBM,10768.45898342577,13044.897767069406,67.28522847250248,257155.63,140386.07381848656,-45.408127436880704
5,Belgium Choco Mousse Cake,totalValue,CV-2,2,2025-09-15,Prophet,5971.721153441258,6603.149801144173,40.5010422840185,179824.22,219482.797268762,22.054079961398966
5,Belgium Choco Mousse Cake,totalValue,CV-2,2,2025-09-15,AutoARIMA,4001.494947958881,5205.224622967631,29.62078182977319,179824.22,148253.11713440178,-17.556646632805204
5,Belgium Choco Mousse Cake,totalValue,CV-2,2,2025-09-15,AutoETS,4296.632897834728,5675.73329387935,31.89554303997823,179824.22,142514.98008864373,-20.747616706668474
5,Belgium Choco Mousse Cake,totalValue,CV-2,2,2025-09-15,Croston,4299.396423416072,5681.798000908918,31.918336825660514,179824.22,142359.30148089462,-20.83418936509519
5,Belgium Choco Mousse Cake,totalValue,CV-2,2,2025-09-15,LightGBM,4880.506135779887,5430.599861440553,38.39188070840589,179824.22,158976.00431375252,-11.593663904810754
6,Biscoff Jar Cake,totalValue,CV-2,2,2025-09-15,Prophet,4641.390613467408,5524.120239807816,76.25092417569778,105085.93000000002,87626.77625212389,-16.614168754919074
6,Biscoff Jar Cake,totalValue,CV-2,2,2025-09-15,AutoARIMA,1640.362494788273,2205.4968891136664,20.665598571160704,105085.93000000002,102387.27564934213,-2.5680453612180894
6,Biscoff Jar Cake,totalValue,CV-2,2,2025-09-15,AutoETS,1779.0784981392712,2368.6341413676723,22.493436615796416,105085.93000000002,94846.58256515705,-9.74378533343424
6,Biscoff Jar Cake,totalValue,CV-2,2,2025-09-15,Croston,1778.7776509380749,2368.1978454040923,22.48938844091155,105085.93000000002,94863.68899715514,-9.727506815465095
6,Biscoff Jar Cake,totalValue,CV-2,2,2025-09-15,LightGBM,2509.545680525787,3266.5475839958317,29.03118952208278,105085.93000000002,115306.63478198805,9.72604494434985
7,Dream Cake,totalValue,CV-2,2,2025-09-15,Prophet,2680.1260287942255,3677.135364841758,34.14946979401923,97743.73000000003,127577.1241243672,30.52205407381851
7,Dream Cake,totalValue,CV-2,2,2025-09-15,AutoARIMA,3182.524637331937,3753.4471134389364,48.70874124784852,97743.73000000003,62052.365143433635,-36.51524742974959
7,Dream Cake,totalValue,CV-2,2,2025-09-15,AutoETS,3173.1873377429483,3743.5930796089515,48.52862233214334,97743.73000000003,62227.698880160206,-36.33586637203206
7,Dream Cake,totalValue,CV-2,2,2025-09-15,Croston,3170.6353058404397,3740.9037606720676,48.47945109120678,97743.73000000003,62275.62036810731,-36.28683868713902
7,Dream Cake,totalValue,CV-2,2,2025-09-15,LightGBM,2577.1559508581313,3332.5028805430184,36.3790771489572,97743.73000000003,85828.39303386385,-12.190384964985657
8,Tiramisu Cake,totalValue,CV-2,2,2025-09-15,Prophet,3700.854444687912,5356.649542469803,32.75093852559887,146284.36,115270.27086313492,-21.201233772950893
8,Tiramisu Cake,totalValue,CV-2,2,2025-09-15,AutoARIMA,5489.98424667197,7213.106949059456,55.21444725758371,146284.36,76790.9669471777,-47.50568895596378
8,Tiramisu Cake,totalValue,CV-2,2,2025-09-15,AutoETS,3577.847214283929,5162.161155246698,31.40393332147567,146284.36,124271.71149092077,-15.047848251911015
8,Tiramisu Cake,totalValue,CV-2,2,2025-09-15,Croston,4119.447672624255,5815.851420050416,37.1848764100348,146284.36,104069.05666530022,-28.85838467946934
8,Tiramisu Cake,totalValue,CV-2,2,2025-09-15,LightGBM,3911.6213334145255,4420.063519521046,33.69561138882627,146284.36,158295.62620161046,8.210902520003147
9,Butterscotch Cake,totalValue,CV-2,2,2025-09-15,Prophet,1604.5662891213285,2093.39416901369,23.523898162498334,89482.51999999999,86504.9576990678,-3.3275351442183196
9,Butterscotch Cake,totalValue,CV-2,2,2025-09-15,AutoARIMA,1600.7809191495448,1919.2530933453552,23.99753959795325,89482.51999999999,92267.54810536644,3.112371114902052
9,Butterscotch Cake,totalValue,CV-2,2,2025-09-15,AutoETS,1555.6610128815894,1990.3880620209093,23.40543142726948,89482.51999999999,83563.56882301143,-6.614645158617077
9,Butterscotch Cake,totalValue,CV-2,2,2025-09-15,Croston,1610.7521884643293,2071.2353953778,24.27957634346306,89482.51999999999,79967.86004984278,-10.632981670785766
9,Butterscotch Cake,totalValue,CV-2,2,2025-09-15,LightGBM,4888.125915158367,5657.363741650911,52.776840872726524,89482.51999999999,148689.83188057903,66.16634386311321
10,Choco Vanilla Cake,totalValue,CV-2,2,2025-09-15,Prophet,1718.767654225889,1984.9741754348267,33.60954899823279,68191.25,73320.74114020851,7.5222130994937215
10,Choco Vanilla Cake,totalValue,CV-2,2,2025-09-15,AutoARIMA,1427.999640357571,1811.4572861540114,28.537052317614254,68191.25,69810.97640680986,2.3752701509502456
10,Choco Vanilla Cake,totalValue,CV-2,2,2025-09-15,AutoETS,1420.905655852329,1809.6001512615494,28.415201262069147,68191.25,69410.68583904358,1.7882585215017777
10,Choco Vanilla Cake,totalValue,CV-2,2,2025-09-15,Croston,1514.999050408297,1919.1452419780599,30.52424943141431,68191.25,59793.76609619956,-12.314606205048952
10,Choco Vanilla Cake,totalValue,CV-2,2,2025-09-15,LightGBM,2086.739771580822,2466.439393638626,37.38090098794793,68191.25,80155.96128233829,17.545816042876897
1,Choco Truffle Cake,totalValue,CV-3,3,2025-12-15,Prophet,10969.88856581329,12590.309744358754,27.012089498154683,480852.55,607557.3028723728,26.350022033235092
1,Choco Truffle Cake,totalValue,CV-3,3,2025-12-15,AutoARIMA,9023.219909683217,10494.38550067103,23.284315350651987,480852.55,570875.7851012711,18.72158837491267
1,Choco Truffle Cake,totalValue,CV-3,3,2025-12-15,AutoETS,10014.52203836947,11415.642002535818,25.424779953218824,480852.55,591074.2104076764,22.92213286748223
1,Choco Truffle Cake,totalValue,CV-3,3,2025-12-15,Croston,10082.437985839355,11475.38150907248,25.570343224758457,480852.55,592117.6463278957,23.1391299324285
1,Choco Truffle Cake,totalValue,CV-3,3,2025-12-15,LightGBM,9390.61646266204,11220.791481531283,23.47032495573308,480852.55,584664.6422587206,21.58917369965504
2,Pineapple Cake,totalValue,CV-3,3,2025-12-15,Prophet,13575.723551128422,14045.285682764452,72.4265242034805,158212.73,334697.13616466953,111.54880278260131
2,Pineapple Cake,totalValue,CV-3,3,2025-12-15,AutoARIMA,4445.7706173815095,5000.090429628284,32.88635895487871,158212.73,215485.55620024822,36.199884927242074
2,Pineapple Cake,totalValue,CV-3,3,2025-12-15,AutoETS,6797.7915743124895,7304.415897905766,45.50423512384407,158212.73,246584.02046606233,55.85599241354492
2,Pineapple Cake,totalValue,CV-3,3,2025-12-15,Croston,7062.278531188147,7551.178674476299,46.799287044315264,158212.73,250022.35090544587,58.029224895775364
2,Pineapple Cake,totalValue,CV-3,3,2025-12-15,LightGBM,14038.304175464855,14637.08101327729,73.76819656491158,158212.73,340710.6842810431,115.3497283569047
3,Fresh Fruit Cake,totalValue,CV-3,3,2025-12-15,Prophet,4659.628560347826,5654.4125889841125,45.19291560487039,123012.87000000001,174558.50850548234,41.90263872835609
3,Fresh Fruit Cake,totalValue,CV-3,3,2025-12-15,AutoARIMA,6788.12608481773,7663.863065839421,57.793285676538034,123012.87000000001,211258.50910263055,71.73691590370221
3,Fresh Fruit Cake,totalValue,CV-3,3,2025-12-15,AutoETS,7360.093022524812,8281.119613275123,61.31856655749303,123012.87000000001,218694.07929282257,77.78146245415016
3,Fresh Fruit Cake,totalValue,CV-3,3,2025-12-15,Croston,7195.682792702191,8135.344098582548,60.461431959731,123012.87000000001,216556.7463051285,76.04397515896383
3,Fresh Fruit Cake,totalValue,CV-3,3,2025-12-15,LightGBM,11675.664783757346,12747.83520851481,79.25718726223201,123012.87000000001,274796.51218884555,123.38842447041966
4,Ferrero Rocher Cake,totalValue,CV-3,3,2025-12-15,Prophet,5466.2125035818935,6287.098022930885,35.941142536195905,172087.13999999998,243147.90254656458,41.29347640187675
4,Ferrero Rocher Cake,totalValue,CV-3,3,2025-12-15,AutoARIMA,10371.847251825928,10719.646701916005,57.83197147364984,172087.13999999998,306921.15427373705,78.35217336620103
4,Ferrero Rocher Cake,totalValue,CV-3,3,2025-12-15,AutoETS,13617.777415689505,13885.079364704616,69.28603911562541,172087.13999999998,349118.24640396354,102.87294355868983
4,Ferrero Rocher Cake,totalValue,CV-3,3,2025-12-15,Croston,8092.447049615898,8550.720333628724,48.548331784501414,172087.13999999998,277288.9516450067,61.13287236048362
4,Ferrero Rocher Cake,totalValue,CV-3,3,2025-12-15,LightGBM,11255.383224668105,12425.78004029487,59.08095128102626,172087.13999999998,318407.1219206854,85.02668004168437
5,Belgium Choco Mousse Cake,totalValue,CV-3,3,2025-12-15,Prophet,6468.080913362422,7110.148450424479,57.1798839882578,108662.20999999999,192747.26187371145,77.38205570612955
5,Belgium Choco Mousse Cake,totalValue,CV-3,3,2025-12-15,AutoARIMA,4226.674469503486,4745.283393572657,43.03373690967235,108662.20999999999,162015.82766197104,49.10043488161252
5,Belgium Choco Mousse Cake,totalValue,CV-3,3,2025-12-15,AutoETS,5007.83180544099,5392.410319130441,49.18216314822364,108662.20999999999,170587.96591995706,56.989229208532635
5,Belgium Choco Mousse Cake,totalValue,CV-3,3,2025-12-15,Croston,5020.629296915624,5405.775399826421,49.271203802661574,108662.20999999999,170784.58192534,57.170171603669765
5,Belgium Choco Mousse Cake,totalValue,CV-3,3,2025-12-15,LightGBM,5456.885744340202,6183.845735715281,49.84469957224895,108662.20999999999,177175.17104464732,63.05132303553124
6,Biscoff Jar Cake,totalValue,CV-3,3,2025-12-15,Prophet,1767.6610254294496,2336.534890347552,33.98075063928059,70045.23000000001,48838.51636002821,-30.275742745040308
6,Biscoff Jar Cake,totalValue,CV-3,3,2025-12-15,AutoARIMA,1611.7418162395686,1783.9435660189279,30.079748036753717,70045.23000000001,72076.01479519584,2.8992478077319817
6,Biscoff Jar Cake,totalValue,CV-3,3,2025-12-15,AutoETS,2112.9265967221045,2468.560940584175,37.08653991625618,70045.23000000001,92133.4118214011,31.534169880520174
6,Biscoff Jar Cake,totalValue,CV-3,3,2025-12-15,Croston,2023.5845739296888,2344.7352079969,35.9321947455142,70045.23000000001,89691.4445988235,28.04789790657191
6,Biscoff Jar Cake,totalValue,CV-3,3,2025-12-15,LightGBM,1847.4248008691027,2211.614081133296,33.36832438235919,70045.23000000001,83420.90823031505,19.09577316016385
7,Dream Cake,totalValue,CV-3,3,2025-12-15,Prophet,2703.790410718743,3216.6266907682757,38.91582871405789,87783.03,101251.28150060725,15.342659624083666
7,Dream Cake,totalValue,CV-3,3,2025-12-15,AutoARIMA,1966.403507410017,2224.276723018113,29.517076464920034,87783.03,86202.16275229288,-1.8008802472495231
7,Dream Cake,totalValue,CV-3,3,2025-12-15,AutoETS,1968.7044605046053,2222.8420296723643,29.549283746361084,87783.03,86591.02382527826,-1.357900467461354
7,Dream Cake,totalValue,CV-3,3,2025-12-15,Croston,1969.2353282990057,2222.5680464688003,29.556653357888095,87783.03,86680.74048253201,-1.2556977327713421
7,Dream Cake,totalValue,CV-3,3,2025-12-15,LightGBM,2044.5713565184592,2288.911228797457,31.265626335690722,87783.03,80043.87041964839,-8.816236555461359
8,Tiramisu Cake,totalValue,CV-3,3,2025-12-15,Prophet,6121.712464461501,6315.31535554991,72.02047921740638,71817.66,151399.92203799952,110.8115497469557
8,Tiramisu Cake,totalValue,CV-3,3,2025-12-15,AutoARIMA,6441.7023242965615,6568.2683355633035,74.64140903216528,71817.66,155559.7902158553,116.6038133459866
8,Tiramisu Cake,totalValue,CV-3,3,2025-12-15,AutoETS,6376.09757542025,6509.263652348601,74.14758481401932,71817.66,154706.92848046325,115.41627571890152
8,Tiramisu Cake,totalValue,CV-3,3,2025-12-15,Croston,5052.375886653184,5172.907291204615,64.01650040798242,71817.66,137498.5465264914,91.45506345722126
8,Tiramisu Cake,totalValue,CV-3,3,2025-12-15,LightGBM,5706.477454754695,6024.167514739062,68.31027794208512,71817.66,146001.86691181103,103.29521584497603
9,Butterscotch Cake,totalValue,CV-3,3,2025-12-15,Prophet,1320.0405013082197,1663.472909483559,23.893388456677464,70144.61,77861.27155491132,11.00107557075493
9,Butterscotch Cake,totalValue,CV-3,3,2025-12-15,AutoARIMA,2550.4350806280545,2756.496956535582,40.98627405452919,70144.61,98199.19416585425,39.99535269474625
9,Butterscotch Cake,totalValue,CV-3,3,2025-12-15,AutoETS,1921.4841030398534,2200.1630711753382,33.09019384019334,70144.61,90923.8239467032,29.623393653059292
9,Butterscotch Cake,totalValue,CV-3,3,2025-12-15,Croston,1871.7941621696725,2157.8775623928855,32.4074461248688,70144.61,90160.40576424316,28.535044623162285
9,Butterscotch Cake,totalValue,CV-3,3,2025-12-15,LightGBM,1512.1501937578262,1888.6816351379707,26.481130103583116,70144.61,84162.02845519078,19.983600244111106
10,Choco Vanilla Cake,totalValue,CV-3,3,2025-12-15,Prophet,1090.788251983477,1432.887923158978,29.345865314989727,43652.65000000001,50281.413158935815,15.18524799510638
10,Choco Vanilla Cake,totalValue,CV-3,3,2025-12-15,AutoARIMA,2311.824770010309,2506.6195234659326,55.70984478876616,43652.65000000001,71557.5923756129,63.92496761505405
10,Choco Vanilla Cake,totalValue,CV-3,3,2025-12-15,AutoETS,2309.2522432723426,2504.0165016116,55.668246414934494,43652.65000000001,71518.06901027508,63.83442702854252
10,Choco Vanilla Cake,totalValue,CV-3,3,2025-12-15,Croston,2137.1248832643496,2326.108331274524,52.825316628408125,43652.65000000001,68777.4728079639,57.556237268445074
10,Choco Vanilla Cake,totalValue,CV-3,3,2025-12-15,LightGBM,2603.77244897009,2891.3217084234866,59.542047695705456,43652.65000000001,77147.09546950011,76.7294665260874
1,Choco Truffle Cake,totalValue,EVAL,4,2026-03-16,Prophet,22470.679698183998,23854.576120659847,60.37644713512018,353468.85,645587.6860763918,82.64344540583757
1,Choco Truffle Cake,totalValue,EVAL,4,2026-03-16,AutoARIMA,8689.111619147057,10483.557111688628,30.54662023623007,353468.85,464265.81271710055,31.345608733867376
1,Choco Truffle Cake,totalValue,EVAL,4,2026-03-16,AutoETS,8794.671435698121,10927.496061686428,31.05142525856562,353468.85,458837.04918144236,29.809755281531142
1,Choco Truffle Cake,totalValue,EVAL,4,2026-03-16,Croston,8854.395034992996,10991.635438054562,31.210511518952455,353468.85,459958.52565709065,30.127032596250185
1,Choco Truffle Cake,totalValue,EVAL,4,2026-03-16,LightGBM,12295.98392672483,14303.991790264576,38.62631703476627,353468.85,500833.1831588269,41.6908967109342
2,Pineapple Cake,totalValue,EVAL,4,2026-03-16,Prophet,15400.281562645063,15803.493573128962,92.63402732768017,118198.64,318402.3003143858,169.37898804452044
2,Pineapple Cake,totalValue,EVAL,4,2026-03-16,AutoARIMA,2814.3213505258586,3407.1802812094047,29.81608696459678,118198.64,148740.8026801218,25.839690439857677
2,Pineapple Cake,totalValue,EVAL,4,2026-03-16,AutoETS,3059.2069752661005,3600.261701140744,32.03924245830771,118198.64,152083.4541171387,28.66768527720682
2,Pineapple Cake,totalValue,EVAL,4,2026-03-16,Croston,3110.924233363936,3670.39553848928,32.44763436050479,118198.64,153332.056491215,29.724044617784926
2,Pineapple Cake,totalValue,EVAL,4,2026-03-16,LightGBM,2542.087876112611,3255.273025185509,27.063418657759016,118198.64,135306.64289850148,14.473942253905358
3,Fresh Fruit Cake,totalValue,EVAL,4,2026-03-16,Prophet,4397.694169743884,4912.100409187873,40.48068504316316,117903.69,175073.7142066705,48.48874891589101
3,Fresh Fruit Cake,totalValue,EVAL,4,2026-03-16,AutoARIMA,6321.449338863166,6572.893925241083,53.045733195054304,117903.69,200082.53140522112,69.69997411041258
3,Fresh Fruit Cake,totalValue,EVAL,4,2026-03-16,AutoETS,2874.990170838594,3421.2635658657323,29.17524418214621,117903.69,155278.5622209017,31.699493222732627
3,Fresh Fruit Cake,totalValue,EVAL,4,2026-03-16,Croston,2715.2424681342227,3288.16325103566,27.870488587439908,117903.69,153201.8420857449,29.93812329855401
3,Fresh Fruit Cake,totalValue,EVAL,4,2026-03-16,LightGBM,1543.3424102542367,2328.712112675299,17.02471304438372,117903.69,126175.63511042544,7.0158492159367025
4,Ferrero Rocher Cake,totalValue,EVAL,4,2026-03-16,Prophet,4243.745181213106,5337.097823306849,32.73847396779293,175205.99999999997,201086.60404560532,14.771528398345577
4,Ferrero Rocher Cake,totalValue,EVAL,4,2026-03-16,AutoARIMA,3922.2996039426002,5141.284831686295,30.936299846305953,175205.99999999997,172977.45455941488,-1.2719572620715562
4,Ferrero Rocher Cake,totalValue,EVAL,4,2026-03-16,AutoETS,3846.6583028481527,5270.080960768804,30.249055114632924,175205.99999999997,171745.36681866198,-1.975179606484935
4,Ferrero Rocher Cake,totalValue,EVAL,4,2026-03-16,Croston,3832.6659605233485,5264.028531322875,30.11428405588824,175205.99999999997,174110.07267155396,-0.6255078755556357
4,Ferrero Rocher Cake,totalValue,EVAL,4,2026-03-16,LightGBM,5674.4977911475535,7135.997718029257,47.635921922478474,175205.99999999997,121213.43483759896,-30.816618815794563
5,Belgium Choco Mousse Cake,totalValue,EVAL,4,2026-03-16,Prophet,4173.195239931354,4393.100256441867,67.99120853903612,59413.79,113665.32811910761,91.31135737866177
5,Belgium Choco Mousse Cake,totalValue,EVAL,4,2026-03-16,AutoARIMA,3263.5893401038584,3725.0520751902127,63.614607865789175,59413.79,87278.63789679315,46.89963036660875
5,Belgium Choco Mousse Cake,totalValue,EVAL,4,2026-03-16,AutoETS,2824.997594147991,3346.5784358656692,53.46392158177562,59413.79,96138.75872392388,61.81219667003886
5,Belgium Choco Mousse Cake,totalValue,EVAL,4,2026-03-16,Croston,2837.6289171967987,3357.2479342715587,53.61465690515884,59413.79,96302.96592355841,62.08857560434776
5,Belgium Choco Mousse Cake,totalValue,EVAL,4,2026-03-16,LightGBM,3587.065393333554,3836.6110398641754,62.22189391344918,59413.79,106045.64011333621,78.48657712853566
6,Biscoff Jar Cake,totalValue,EVAL,4,2026-03-16,Prophet,2134.9737147780406,2401.0397499014994,46.486986509531114,23959.86,20250.54115302018,-15.481387816872966
6,Biscoff Jar Cake,totalValue,EVAL,4,2026-03-16,AutoARIMA,1263.346625789324,1491.4220560729004,26.749739580470255,23959.86,28071.872541627592,17.162089184275665
6,Biscoff Jar Cake,totalValue,EVAL,4,2026-03-16,AutoETS,1512.9120913036113,1592.6428411226414,31.29748043579072,23959.86,27345.409553989157,14.130089048889086
6,Biscoff Jar Cake,totalValue,EVAL,4,2026-03-16,Croston,1513.378374118212,1592.883760784919,31.30598923562524,23959.86,27341.4593529553,14.11360230383357
6,Biscoff Jar Cake,totalValue,EVAL,4,2026-03-16,LightGBM,1634.3197213135588,2290.2295551930033,31.340112520947294,23959.86,29639.980496814685,23.70681839048594
7,Dream Cake,totalValue,EVAL,4,2026-03-16,Prophet,1396.680331700468,1724.6805244491177,27.35072343804992,67150.49,75006.01353927032,11.698386027071905
7,Dream Cake,totalValue,EVAL,4,2026-03-16,AutoARIMA,2253.1041582589105,2604.4959749447657,39.14146213989455,67150.49,95596.9702496142,42.362282463782755
7,Dream Cake,totalValue,EVAL,4,2026-03-16,AutoETS,2248.4391725733517,2599.865759070507,39.082403028068036,67150.49,95525.2991058997,42.25555034058529
7,Dream Cake,totalValue,EVAL,4,2026-03-16,Croston,2246.579826513954,2598.021232202656,39.05884850333903,67150.49,95496.73278916893,42.2130095985434
7,Dream Cake,totalValue,EVAL,4,2026-03-16,LightGBM,1714.1587343411497,2105.7567064556943,32.20178703194387,67150.49,79572.68007545747,18.499031169329456
8,Tiramisu Cake,totalValue,EVAL,4,2026-03-16,Prophet,5764.897026624609,5940.2706449245325,81.38322019969438,58747.6,133691.2613461199,127.56889021188931
8,Tiramisu Cake,totalValue,EVAL,4,2026-03-16,AutoARIMA,1651.8134364550972,1746.528245203369,36.403989739237204,58747.6,67968.19867680734,15.69527721440083
8,Tiramisu Cake,totalValue,EVAL,4,2026-03-16,AutoETS,1605.7932011208131,1782.8411582641354,35.562054760478205,58747.6,67226.87819788346,14.43340357373486
8,Tiramisu Cake,totalValue,EVAL,4,2026-03-16,Croston,1608.9176819872,1785.8291985209717,35.61728593643216,58747.6,67332.48565116736,14.613168284606278
8,Tiramisu Cake,totalValue,EVAL,4,2026-03-16,LightGBM,2799.604414604394,3522.453983903179,50.16515707575107,58747.6,94805.8674984467,61.378281833550155
9,Butterscotch Cake,totalValue,EVAL,4,2026-03-16,Prophet,4159.79991402785,4342.118833983099,89.2500044605001,38161.399999999994,92238.79888236204,141.70706232570623
9,Butterscotch Cake,totalValue,EVAL,4,2026-03-16,AutoARIMA,3008.301605195995,3210.7629139210962,76.04269107054526,38161.399999999994,75773.58264485202,98.56080396644786
9,Butterscotch Cake,totalValue,EVAL,4,2026-03-16,AutoETS,2772.8088583432036,3077.719644801472,71.90457789684862,38161.399999999994,73624.12336909106,92.92825569578442
9,Butterscotch Cake,totalValue,EVAL,4,2026-03-16,Croston,2771.897972630674,3076.76554049988,71.89197702377678,38161.399999999994,73610.12885223489,92.89158377898846
9,Butterscotch Cake,totalValue,EVAL,4,2026-03-16,LightGBM,3131.760005183792,3421.6551461982813,77.11925170467357,38161.399999999994,78826.79225420307,106.56158383655496
10,Choco Vanilla Cake,totalValue,EVAL,4,2026-03-16,Prophet,1985.3631930628612,2255.712370664822,59.06250698764373,31694.89,57447.89456311233,81.25285988723208
10,Choco Vanilla Cake,totalValue,EVAL,4,2026-03-16,AutoARIMA,845.7269160756995,997.2770550509663,33.831785597470976,31694.89,39036.11097964369,23.162159514179375
10,Choco Vanilla Cake,totalValue,EVAL,4,2026-03-16,AutoETS,853.7352565111166,1003.8725018278454,34.08289759658293,31694.89,39186.489816708745,23.636617185637007
10,Choco Vanilla Cake,totalValue,EVAL,4,2026-03-16,Croston,1105.903535694452,1249.0967756072635,41.42167744761857,31694.89,43921.64972581805,38.576438428459774
10,Choco Vanilla Cake,totalValue,EVAL,4,2026-03-16,LightGBM,623.9308113043128,939.3225626785351,25.26753674581669,31694.89,33964.37551976445,7.160414564506929
1,Choco Truffle Cake,qty,CV-0,0,2025-03-17,Prophet,53.90731749645093,73.38601641908667,20.94922566794491,3261.0,2794.8761402814616,-14.293893275637485
1,Choco Truffle Cake,qty,CV-0,0,2025-03-17,AutoARIMA,72.41206544319718,80.17752146100594,27.64510953687739,3261.0,3600.3050492638595,10.40493864654583
1,Choco Truffle Cake,qty,CV-0,0,2025-03-17,AutoETS,71.75634924108864,80.84101231105217,27.954810105573998,3261.0,3493.9646043487974,7.143962108212124
1,Choco Truffle Cake,qty,CV-0,0,2025-03-17,Croston,70.26704031492692,80.07172236979378,27.41099938419716,3261.0,3443.625962644529,5.600305508878533
1,Choco Truffle Cake,qty,CV-0,0,2025-03-17,LightGBM,94.42463312453349,99.69210118182346,35.62520876837482,3261.0,3897.825190700544,19.528524707161736
2,Pineapple Cake,qty,CV-0,0,2025-03-17,Prophet,20.301406906136375,26.203577438706773,28.548953817801593,967.0,813.8491825476018,-15.837726727238696
2,Pineapple Cake,qty,CV-0,0,2025-03-17,AutoARIMA,12.979226860929547,16.21533861267391,17.680638266801687,967.0,1042.734197936623,7.831871554976535
2,Pineapple Cake,qty,CV-0,0,2025-03-17,AutoETS,18.570910400402592,23.077788531574704,25.94602368937366,967.0,982.5161423319616,1.6045648740394671
2,Pineapple Cake,qty,CV-0,0,2025-03-17,Croston,18.577860111561392,23.0732923644864,25.95681015732086,967.0,981.3416411461243,1.4831066335185408
2,Pineapple Cake,qty,CV-0,0,2025-03-17,LightGBM,15.684769027268793,19.227514494000758,21.450021049061,967.0,1005.7736445201729,4.009684024836904
3,Fresh Fruit Cake,qty,CV-0,0,2025-03-17,Prophet,14.730740855172915,16.667195931569292,31.522407488334608,550.0,710.6662258259685,29.212041059266998
3,Fresh Fruit Cake,qty,CV-0,0,2025-03-17,AutoARIMA,23.90231961160812,25.9078385101397,45.930692720357285,550.0,860.7301549509056,56.496391809255556
3,Fresh Fruit Cake,qty,CV-0,0,2025-03-17,AutoETS,25.78463379303709,27.87163231356396,48.5067794895618,550.0,885.2002393094821,60.945498056269464
3,Fresh Fruit Cake,qty,CV-0,0,2025-03-17,Croston,16.407508044572403,18.59920382260598,34.65058702949507,550.0,755.8743177258592,37.4316941319744
3,Fresh Fruit Cake,qty,CV-0,0,2025-03-17,LightGBM,39.91489565924273,42.55328302250414,64.21694144583903,550.0,1068.8936435701553,94.34429883093732
4,Ferrero Rocher Cake,qty,CV-0,0,2025-03-17,Prophet,3.08897450819047,4.640702925960805,22.60149520373361,189.0,203.64304010139153,7.747640265286526
4,Ferrero Rocher Cake,qty,CV-0,0,2025-03-17,AutoARIMA,5.652063407054383,6.948566468227955,36.563029905859615,189.0,253.4726105265628,34.112492342096715
4,Ferrero Rocher Cake,qty,CV-0,0,2025-03-17,AutoETS,4.9533794710602415,6.237190142043921,33.16120651040183,189.0,240.21181788916303,27.096199941356105
4,Ferrero Rocher Cake,qty,CV-0,0,2025-03-17,Croston,3.5620344178879337,4.637169736822584,26.12911618250614,189.0,191.0161833769393,1.066763691502273
4,Ferrero Rocher Cake,qty,CV-0,0,2025-03-17,LightGBM,4.578896110265941,5.266681799360136,33.97921890082226,189.0,166.75622549617907,-11.769192859164514
5,Belgium Choco Mousse Cake,qty,CV-0,0,2025-03-17,Prophet,7.653996138706561,10.097820895884439,31.36721037524936,321.0,345.596914121611,7.662590069037697
5,Belgium Choco Mousse Cake,qty,CV-0,0,2025-03-17,AutoARIMA,9.263371959352499,11.258746671790487,38.698762481935674,321.0,300.7977232917496,-6.293544145872397
5,Belgium Choco Mousse Cake,qty,CV-0,0,2025-03-17,AutoETS,13.570283302722489,15.51575880910098,48.40740464327909,321.0,482.6611062046272,50.361715328544285
5,Belgium Choco Mousse Cake,qty,CV-0,0,2025-03-17,Croston,7.779721609414191,9.511666479510508,32.24159766444656,321.0,333.1545903981997,3.7864767595637607
5,Belgium Choco Mousse Cake,qty,CV-0,0,2025-03-17,LightGBM,9.910890186049974,12.853386430969412,42.06620191543093,321.0,254.61285648397742,-20.681353120256254
6,Biscoff Jar Cake,qty,CV-0,0,2025-03-17,Prophet,69.6923076923077,72.5555490111383,200.0,906.0,0.0,-100.0
6,Biscoff Jar Cake,qty,CV-0,0,2025-03-17,AutoARIMA,19.907234264689123,23.799590621154028,29.81787458067603,906.0,758.8957724698864,-16.23666970531055
6,Biscoff Jar Cake,qty,CV-0,0,2025-03-17,AutoETS,18.852278242422702,22.005376758731668,28.221225536454963,906.0,791.9649770305634,-12.58664712686938
6,Biscoff Jar Cake,qty,CV-0,0,2025-03-17,Croston,18.894654139368797,22.230716478994093,28.28340268238953,906.0,784.8034504466734,-13.377102599704921
6,Biscoff Jar Cake,qty,CV-0,0,2025-03-17,LightGBM,28.07054680229049,34.35696325268799,36.13636789077106,906.0,1147.657228730518,26.67298330358918
7,Dream Cake,qty,CV-0,0,2025-03-17,Prophet,11.870522957343901,15.540708155660194,53.08895757869767,258.0,306.8283629096384,18.92572205799937
7,Dream Cake,qty,CV-0,0,2025-03-17,AutoARIMA,14.332504750866422,15.850130171210829,61.06608666622423,258.0,431.63024887982834,67.29854607745284
7,Dream Cake,qty,CV-0,0,2025-03-17,AutoETS,7.53445074378343,9.373143204289205,40.071613295938526,258.0,259.45827729698163,0.5652237585200134
7,Dream Cake,qty,CV-0,0,2025-03-17,Croston,7.88953566502568,9.527985992588702,41.483607579041475,258.0,279.77717579644667,8.44076581257623
7,Dream Cake,qty,CV-0,0,2025-03-17,LightGBM,10.191270616546623,13.334469392162484,57.89278871816719,258.0,152.8435446781117,-40.758316016235774
8,Tiramisu Cake,qty,CV-0,0,2025-03-17,Prophet,5.389764793926615,7.142089972772632,24.132024615475224,316.0,324.1301791853323,2.5728415143456584
8,Tiramisu Cake,qty,CV-0,0,2025-03-17,AutoARIMA,5.493397372744841,7.380648267601731,24.337804486097088,316.0,351.900042913727,11.360773073964246
8,Tiramisu Cake,qty,CV-0,0,2025-03-17,AutoETS,5.868846905064988,7.829514511210002,25.551865577544465,316.0,365.11622263006177,15.543108427234737
8,Tiramisu Cake,qty,CV-0,0,2025-03-17,Croston,5.947793606188928,7.395686387427466,26.46284546112698,316.0,303.36457611081426,-3.998551863666375
8,Tiramisu Cake,qty,CV-0,0,2025-03-17,LightGBM,9.450036186417654,11.738717878909014,44.72560355443944,316.0,214.80568313463831,-32.02351799536763
9,Butterscotch Cake,qty,CV-0,0,2025-03-17,Prophet,17.651766766330322,26.236172549700317,41.08547674866676,550.0,350.57712535404846,-36.2587044810821
9,Butterscotch Cake,qty,CV-0,0,2025-03-17,AutoARIMA,17.18681318681319,21.63882202256705,40.11352995089255,550.0,564.5714285714287,2.649350649350667
9,Butterscotch Cake,qty,CV-0,0,2025-03-17,AutoETS,17.34833006183541,21.721645853073955,40.42557030231477,550.0,578.6225934833949,5.204107906071799
9,Butterscotch Cake,qty,CV-0,0,2025-03-17,Croston,17.160626009322357,21.62386052925141,40.067982666977194,550.0,560.1457955754785,1.8446901046324498
9,Butterscotch Cake,qty,CV-0,0,2025-03-17,LightGBM,18.913466975220906,22.111325012232104,42.72794789990471,550.0,711.6771134206471,29.39583880375401
10,Choco Vanilla Cake,qty,CV-0,0,2025-03-17,Prophet,22.84228781570526,29.670310881819034,154.21243211500683,351.0,54.05025839583166,-84.60106598409355
10,Choco Vanilla Cake,qty,CV-0,0,2025-03-17,AutoARIMA,16.126382857304627,20.504056830112248,56.75408152963109,351.0,375.4425376765799,6.963685947743558
10,Choco Vanilla Cake,qty,CV-0,0,2025-03-17,AutoETS,18.16717859486615,21.122357045854805,62.74904546536894,351.0,429.3096168407411,22.31043214835929
10,Choco Vanilla Cake,qty,CV-0,0,2025-03-17,Croston,16.21923449682216,20.387263767082764,57.29467658318248,351.0,382.2929471375636,8.915369554861424
10,Choco Vanilla Cake,qty,CV-0,0,2025-03-17,LightGBM,16.319865999744504,22.850898418267274,55.7968919957187,351.0,325.6864580596814,-7.21183531063208
1,Choco Truffle Cake,qty,CV-1,1,2025-06-16,Prophet,75.72700963568414,96.98032769680454,23.87819111604424,3907.0,4310.420714280299,10.325587772723289
1,Choco Truffle Cake,qty,CV-1,1,2025-06-16,AutoARIMA,57.63967515437321,84.87123547412898,18.161659754231614,3907.0,3499.2952809597546,-10.435237241879843
1,Choco Truffle Cake,qty,CV-1,1,2025-06-16,AutoETS,62.781658922643324,93.67520688889573,20.06615810413503,3907.0,3487.633214024426,-10.733728845036453
1,Choco Truffle Cake,qty,CV-1,1,2025-06-16,Croston,61.02821085530555,90.87931929565721,19.453201493563242,3907.0,3609.232365453362,-7.621388137871461
1,Choco Truffle Cake,qty,CV-1,1,2025-06-16,LightGBM,76.06383684431567,113.19218678452063,24.87436401312942,3907.0,3671.815861028258,-6.019558202501714
2,Pineapple Cake,qty,CV-1,1,2025-06-16,Prophet,34.7980457936817,44.51762554996534,36.047343921905615,1262.0,1169.1892452722009,-7.354259487147316
2,Pineapple Cake,qty,CV-1,1,2025-06-16,AutoARIMA,26.92792630817642,38.57204467184701,27.355890657552802,1262.0,1047.5256877566212,-16.994794947969794
2,Pineapple Cake,qty,CV-1,1,2025-06-16,AutoETS,31.789449947297133,42.82098428403693,33.12211722354081,1262.0,1031.516591781357,-18.263344549813233
2,Pineapple Cake,qty,CV-1,1,2025-06-16,Croston,30.607854912782628,41.64300136300301,31.721320895356165,1262.0,1071.454503947947,-15.098692238672983
2,Pineapple Cake,qty,CV-1,1,2025-06-16,LightGBM,25.82677118643281,34.35077264042837,26.352734762086023,1262.0,1195.8781629458679,-5.239448261024733
3,Fresh Fruit Cake,qty,CV-1,1,2025-06-16,Prophet,15.181158304840945,18.08173100616368,24.450173338563484,849.0,786.3813618777351,-7.375575750561235
3,Fresh Fruit Cake,qty,CV-1,1,2025-06-16,AutoARIMA,26.819375638847717,31.33921528935378,47.90209826791597,849.0,500.3481166949797,-41.066181779154334
3,Fresh Fruit Cake,qty,CV-1,1,2025-06-16,AutoETS,25.020617281099792,29.77331829402841,42.6490769974623,849.0,549.2165256420193,-35.31018543674684
3,Fresh Fruit Cake,qty,CV-1,1,2025-06-16,Croston,25.571937544018915,30.437464922210047,43.84894207790652,849.0,538.1491727845337,-36.613760567192735
3,Fresh Fruit Cake,qty,CV-1,1,2025-06-16,LightGBM,25.18944251952054,30.74788488021917,43.499765736002516,849.0,521.5372472462329,-38.57040668477822
4,Ferrero Rocher Cake,qty,CV-1,1,2025-06-16,Prophet,12.14875126765732,15.018898349458075,45.20234368301389,389.0,231.06623352045486,-40.59993996903474
4,Ferrero Rocher Cake,qty,CV-1,1,2025-06-16,AutoARIMA,13.41340152116852,16.511059057766374,51.21292204854926,389.0,215.8451026361984,-44.51282708581018
4,Ferrero Rocher Cake,qty,CV-1,1,2025-06-16,AutoETS,10.798390393851719,14.097964956555773,38.07308866727821,389.0,255.72865277743864,-34.25998643253506
4,Ferrero Rocher Cake,qty,CV-1,1,2025-06-16,Croston,16.164422118281006,19.106330260608384,67.04688164337902,389.0,178.86251246234693,-54.01991967548923
4,Ferrero Rocher Cake,qty,CV-1,1,2025-06-16,LightGBM,17.04673350796779,19.92420810104519,72.80747391228051,389.0,167.39246439641872,-56.9685181500209
5,Belgium Choco Mousse Cake,qty,CV-1,1,2025-06-16,Prophet,13.723284847806164,15.067708678895812,46.384650213907385,356.0,464.3139971201688,30.425280089935054
5,Belgium Choco Mousse Cake,qty,CV-1,1,2025-06-16,AutoARIMA,8.904977728388445,12.010030933957907,33.13389275326599,356.0,309.7025055463123,-13.004914172384186
5,Belgium Choco Mousse Cake,qty,CV-1,1,2025-06-16,AutoETS,9.872519381885436,12.408228833112952,36.16959943539665,356.0,400.5873548242704,12.524537871986066
5,Belgium Choco Mousse Cake,qty,CV-1,1,2025-06-16,Croston,9.323661202734113,12.404810409137363,34.763894608852716,356.0,322.30125673793447,-9.465939118557735
5,Belgium Choco Mousse Cake,qty,CV-1,1,2025-06-16,LightGBM,10.06585356716952,12.112548048188893,37.69504995755773,356.0,350.0190624190754,-1.680038646327136
6,Biscoff Jar Cake,qty,CV-1,1,2025-06-16,Prophet,122.80486528058648,125.10308703855361,103.18209773632108,786.0,2382.463248647624,203.11237260147888
6,Biscoff Jar Cake,qty,CV-1,1,2025-06-16,AutoARIMA,24.07789831546502,28.09692569826059,37.69409494040407,786.0,998.1294239237321,26.98847632617457
6,Biscoff Jar Cake,qty,CV-1,1,2025-06-16,AutoETS,21.550386823471577,26.14611578720097,34.52549404017219,786.0,950.6683747962999,20.95017491047072
6,Biscoff Jar Cake,qty,CV-1,1,2025-06-16,Croston,22.124384262460566,26.557693088307012,35.26215161542557,786.0,961.4467711506481,22.321472156571012
6,Biscoff Jar Cake,qty,CV-1,1,2025-06-16,LightGBM,35.49108190126384,41.52698248690576,48.063418659441595,786.0,1245.389681177814,58.4465243228771
7,Dream Cake,qty,CV-1,1,2025-06-16,Prophet,12.696432140234666,15.59649768057949,50.18430620812815,289.0,365.4489290011033,26.452916609378303
7,Dream Cake,qty,CV-1,1,2025-06-16,AutoARIMA,6.560643823770307,9.760007975658448,30.267063617707805,289.0,289.74880621718194,0.25910249729478774
7,Dream Cake,qty,CV-1,1,2025-06-16,AutoETS,6.7907335769118955,10.114986431472538,31.572262212122094,289.0,254.43728438517812,-11.959417167758438
7,Dream Cake,qty,CV-1,1,2025-06-16,Croston,6.553300595181702,9.75991144234954,30.24338669415627,289.0,288.5078005857078,-0.17031121601806287
7,Dream Cake,qty,CV-1,1,2025-06-16,LightGBM,7.592862870747856,10.481948029253317,34.705136144655995,289.0,298.6837984446415,3.3507953095645417
8,Tiramisu Cake,qty,CV-1,1,2025-06-16,Prophet,13.986950362585528,19.772384819928746,35.86822429671624,498.0,388.22089740040724,-22.04399650594232
8,Tiramisu Cake,qty,CV-1,1,2025-06-16,AutoARIMA,13.4585194873195,18.981027044887444,34.64041775968184,498.0,393.1275099599985,-21.058732939759334
8,Tiramisu Cake,qty,CV-1,1,2025-06-16,AutoETS,13.57277910647213,19.08952355566047,35.02187130386068,498.0,392.7427985408404,-21.135984228746906
8,Tiramisu Cake,qty,CV-1,1,2025-06-16,Croston,14.81384196836812,21.298774635867183,38.83240594677847,498.0,336.4921414691575,-32.43129689374347
8,Tiramisu Cake,qty,CV-1,1,2025-06-16,LightGBM,16.518590276705766,22.564929487995364,45.226123164926,498.0,321.7150425504971,-35.39858583323351
9,Butterscotch Cake,qty,CV-1,1,2025-06-16,Prophet,15.690446960996315,21.362494481702047,29.920394048357778,672.0,650.3353106546421,-3.2239121049639796
9,Butterscotch Cake,qty,CV-1,1,2025-06-16,AutoARIMA,14.1489371339325,19.22329180478898,27.825745525041523,672.0,553.6337354319769,-17.61402746547963
9,Butterscotch Cake,qty,CV-1,1,2025-06-16,AutoETS,13.55664216627604,20.385352791601203,25.863283971423357,672.0,562.3091579664499,-16.323041969278286
9,Butterscotch Cake,qty,CV-1,1,2025-06-16,Croston,13.67958694905302,18.639216150399292,26.10812713620913,672.0,649.2833981299867,-3.380446706847214
9,Butterscotch Cake,qty,CV-1,1,2025-06-16,LightGBM,17.18368959890577,23.98129439293752,35.682393128183485,672.0,489.3990915231619,-27.172754237624712
10,Choco Vanilla Cake,qty,CV-1,1,2025-06-16,Prophet,10.763834829032369,13.89716690241709,37.551078245478294,379.0,357.31047655663474,-5.722829404581862
10,Choco Vanilla Cake,qty,CV-1,1,2025-06-16,AutoARIMA,14.821909808159822,17.34292226097436,47.496075738877316,379.0,511.98610822557293,35.08868290912215
10,Choco Vanilla Cake,qty,CV-1,1,2025-06-16,AutoETS,11.264952234891675,14.268934567665152,38.72321273732465,379.0,414.5697006166788,9.385145281445594
10,Choco Vanilla Cake,qty,CV-1,1,2025-06-16,Croston,13.396720716699823,15.92579250024422,44.22420865945818,379.0,477.5779715888956,26.010018888890656
10,Choco Vanilla Cake,qty,CV-1,1,2025-06-16,LightGBM,9.170760857665085,13.410896548617762,30.976442727983144,379.0,389.33406303864984,2.726665709406291
1,Choco Truffle Cake,qty,CV-2,2,2025-09-15,Prophet,67.17916001643037,83.77686725277809,19.300186782448776,4609.0,4459.168625568816,-3.250843446109429
1,Choco Truffle Cake,qty,CV-2,2,2025-09-15,AutoARIMA,56.49349534967195,71.20097829568343,16.12974030283508,4609.0,4249.562019106046,-7.798610997916118
1,Choco Truffle Cake,qty,CV-2,2,2025-09-15,AutoETS,72.52215344403473,89.1740945422415,20.86336645853476,4609.0,4061.7512135916254,-11.873482022312315
1,Choco Truffle Cake,qty,CV-2,2,2025-09-15,Croston,70.66244243302158,85.8133045323755,20.293356809725523,4609.0,4161.682409606451,-9.705306799599674
1,Choco Truffle Cake,qty,CV-2,2,2025-09-15,LightGBM,99.61588278207608,115.44287005559109,30.672773250949607,4609.0,3923.1620889794135,-14.880405967033772
2,Pineapple Cake,qty,CV-2,2,2025-09-15,Prophet,20.102836913408,28.501458279947126,22.258828608657875,1231.0,1132.3081670221563,-8.017208202911752
2,Pineapple Cake,qty,CV-2,2,2025-09-15,AutoARIMA,18.63377757257388,23.68612514765484,21.594282350531913,1231.0,1135.9250797123054,-7.723389137911825
2,Pineapple Cake,qty,CV-2,2,2025-09-15,AutoETS,16.85073264153884,25.20901208568782,18.558928067400096,1231.0,1169.7420611933119,-4.976274476579051
2,Pineapple Cake,qty,CV-2,2,2025-09-15,Croston,16.80256966282025,25.106004284557557,18.502389494399903,1231.0,1177.3657269833773,-4.356967751147256
2,Pineapple Cake,qty,CV-2,2,2025-09-15,LightGBM,18.893761151817966,27.380357940328103,20.337276725906513,1231.0,1216.3392966252686,-1.1909588444135972
3,Fresh Fruit Cake,qty,CV-2,2,2025-09-15,Prophet,25.191627912909333,30.745720486838625,28.17269080454406,1215.0,1041.5522367016958,-14.275536073934497
3,Fresh Fruit Cake,qty,CV-2,2,2025-09-15,AutoARIMA,26.180001420925656,31.04820172413779,29.858560134479944,1215.0,950.2207300949503,-21.79253250247322
3,Fresh Fruit Cake,qty,CV-2,2,2025-09-15,AutoETS,25.97535209868103,33.49915238945299,28.917489515091148,1215.0,950.8373465389552,-21.74178217786377
3,Fresh Fruit Cake,qty,CV-2,2,2025-09-15,Croston,29.08761419001833,36.438614436648706,33.08523970455924,1215.0,899.6881335429892,-25.951593947079076
3,Fresh Fruit Cake,qty,CV-2,2,2025-09-15,LightGBM,33.834569665919474,39.394991327632866,40.5573371766546,1215.0,846.0375087473559,-30.367283230670296
4,Ferrero Rocher Cake,qty,CV-2,2,2025-09-15,Prophet,34.11659944157618,40.01420630925404,69.52346093569251,799.0,373.10884729706805,-53.30302286644956
4,Ferrero Rocher Cake,qty,CV-2,2,2025-09-15,AutoARIMA,22.369230019130427,29.085486027616813,39.3250656943085,799.0,560.5965231872644,-29.837731766299818
4,Ferrero Rocher Cake,qty,CV-2,2,2025-09-15,AutoETS,25.343159690105836,32.08110319294204,45.98315836429616,799.0,504.134334718304,-36.9043385834413
4,Ferrero Rocher Cake,qty,CV-2,2,2025-09-15,Croston,26.554831668769317,33.152939705032715,48.858285583633965,799.0,489.02122254345323,-38.795841984549035
4,Ferrero Rocher Cake,qty,CV-2,2,2025-09-15,LightGBM,16.63491328304614,20.75855147000478,28.45854078043091,799.0,722.76343993152,-9.541496879659576
5,Belgium Choco Mousse Cake,qty,CV-2,2,2025-09-15,Prophet,13.799009460850042,19.34917300769921,30.762946124643374,596.0,519.2823454579698,-12.872089688260106
5,Belgium Choco Mousse Cake,qty,CV-2,2,2025-09-15,AutoARIMA,14.233607378395051,19.145496503499952,31.847376616249175,596.0,451.1704113976909,-24.3002665440116
5,Belgium Choco Mousse Cake,qty,CV-2,2,2025-09-15,AutoETS,17.035504260241392,22.335498774340596,39.69207192803918,596.0,398.63173203809225,-33.11548120166237
5,Belgium Choco Mousse Cake,qty,CV-2,2,2025-09-15,Croston,17.06547673041843,22.344487186931005,39.78630723530902,596.0,398.88160361769854,-33.07355643998346
5,Belgium Choco Mousse Cake,qty,CV-2,2,2025-09-15,LightGBM,15.201515801962248,18.350129392739685,35.28184639283924,596.0,513.1474244903081,-13.901438843908029
6,Biscoff Jar Cake,qty,CV-2,2,2025-09-15,Prophet,42.907403340808855,52.90807459278347,81.08744249062477,1038.0,652.8933926754372,-37.10082922201954
6,Biscoff Jar Cake,qty,CV-2,2,2025-09-15,AutoARIMA,20.916668771782117,27.135460198308454,27.212975443667283,1038.0,829.2314419520911,-20.112577846619352
6,Biscoff Jar Cake,qty,CV-2,2,2025-09-15,AutoETS,21.11970139387819,27.310043979046828,27.52299813786367,1038.0,825.4189404927316,-20.47987085811834
6,Biscoff Jar Cake,qty,CV-2,2,2025-09-15,Croston,21.080305980273803,27.276009452335,27.46275280030902,1038.0,826.1586988148589,-20.40860319702708
6,Biscoff Jar Cake,qty,CV-2,2,2025-09-15,LightGBM,18.187601526768034,24.493672915447377,23.490343443636824,1038.0,976.3042561200349,-5.943713283233633
7,Dream Cake,qty,CV-2,2,2025-09-15,Prophet,10.352795895315406,13.160653436195183,29.01262591926414,497.0,482.1107594119675,-2.9958230559421573
7,Dream Cake,qty,CV-2,2,2025-09-15,AutoARIMA,17.740483584281712,20.59626179642376,55.03586724659763,497.0,286.4416612960355,-42.365862918302724
7,Dream Cake,qty,CV-2,2,2025-09-15,AutoETS,16.790470494543946,19.69972936118253,51.19160914305094,497.0,301.484539921445,-39.33912677636921
7,Dream Cake,qty,CV-2,2,2025-09-15,Croston,17.72168551516082,20.578795901813546,54.958305577792274,497.0,286.73046799434735,-42.307752918642386
7,Dream Cake,qty,CV-2,2,2025-09-15,LightGBM,17.315964384171973,20.54492141660027,51.16977227648331,497.0,376.99785621525814,-24.145300560310233
8,Tiramisu Cake,qty,CV-2,2,2025-09-15,Prophet,20.02824977716029,28.322857483659718,37.53205811756784,705.0,490.8701051917089,-30.3730347245803
8,Tiramisu Cake,qty,CV-2,2,2025-09-15,AutoARIMA,20.13148641920603,28.92186155549891,37.768257772363135,705.0,486.69252343346176,-30.96559951298415
8,Tiramisu Cake,qty,CV-2,2,2025-09-15,AutoETS,19.02218322109174,27.74566655806613,35.01133661851496,705.0,518.1247007671657,-26.507134642955222
8,Tiramisu Cake,qty,CV-2,2,2025-09-15,Croston,22.74143635088763,31.305361061042852,44.32229695743335,705.0,438.1885840777767,-37.84559091095366
8,Tiramisu Cake,qty,CV-2,2,2025-09-15,LightGBM,15.734173391041832,20.097045445033217,28.831737920569534,705.0,662.3371506489854,-6.051467993051722
9,Butterscotch Cake,qty,CV-2,2,2025-09-15,Prophet,26.713816443546133,32.36827646491629,41.769927025062294,950.0,623.8114011598992,-34.3356419831685
9,Butterscotch Cake,qty,CV-2,2,2025-09-15,AutoARIMA,28.88824661970776,33.53108496371904,45.89137702920008,950.0,583.8137864554194,-38.54591721521901
9,Butterscotch Cake,qty,CV-2,2,2025-09-15,AutoETS,26.396911128301593,31.3738001423205,40.47130207584612,950.0,636.8110926651844,-32.96725340366479
9,Butterscotch Cake,qty,CV-2,2,2025-09-15,Croston,18.598610425853717,24.117331112097133,26.54985468900054,950.0,776.690691147246,-18.243085142395163
9,Butterscotch Cake,qty,CV-2,2,2025-09-15,LightGBM,21.28156533752828,24.178092782851078,30.64821707294633,950.0,856.250664772753,-9.868351076552315
10,Choco Vanilla Cake,qty,CV-2,2,2025-09-15,Prophet,19.349717833158206,24.02983520486856,53.7413255128188,543.0,304.4931663093531,-43.92391044026646
10,Choco Vanilla Cake,qty,CV-2,2,2025-09-15,AutoARIMA,11.268697590548234,14.568311353709042,28.36796164831817,543.0,535.136630934217,-1.4481342662583776
10,Choco Vanilla Cake,qty,CV-2,2,2025-09-15,AutoETS,15.000752569038385,17.856602879903487,38.8975431488433,543.0,408.50691731037904,-24.768523515583972
10,Choco Vanilla Cake,qty,CV-2,2,2025-09-15,Croston,11.310818157017955,14.664518852184935,28.50826127509099,543.0,519.8239104879887,-4.268156447884226
10,Choco Vanilla Cake,qty,CV-2,2,2025-09-15,LightGBM,10.700556092039422,13.595687131043046,26.595491408706174,543.0,574.3123625661585,5.76654927553564
1,Choco Truffle Cake,qty,CV-3,3,2025-12-15,Prophet,90.48529761577866,99.63908066546745,29.58780907659502,3612.0,4670.130592550974,29.2948669034046
1,Choco Truffle Cake,qty,CV-3,3,2025-12-15,AutoARIMA,76.00750076622029,82.79192151287764,25.66869891295266,3612.0,4346.602360364728,20.337828360042305
1,Choco Truffle Cake,qty,CV-3,3,2025-12-15,AutoETS,85.20418878685024,95.86632064368898,28.399647789762405,3612.0,4541.055386921133,25.7213562270524
1,Choco Truffle Cake,qty,CV-3,3,2025-12-15,Croston,76.75615423807254,88.25754814304118,26.0289376586574,3612.0,4426.890006021296,22.560631395938437
1,Choco Truffle Cake,qty,CV-3,3,2025-12-15,LightGBM,82.02902566631974,99.86735355312597,25.47309589046975,3612.0,4528.4453045279315,25.372239881725676
2,Pineapple Cake,qty,CV-3,3,2025-12-15,Prophet,31.99063936214058,35.90222006659345,36.809311168030476,968.0,1383.8783117078274,42.962635507006965
2,Pineapple Cake,qty,CV-3,3,2025-12-15,AutoARIMA,18.115218164679757,24.0861748899778,23.71187504329991,968.0,1196.2663801211293,23.58123761581914
2,Pineapple Cake,qty,CV-3,3,2025-12-15,AutoETS,20.199618583540605,25.527125816903666,25.91133828446035,968.0,1229.794140056215,27.044849179361048
2,Pineapple Cake,qty,CV-3,3,2025-12-15,Croston,20.22795794487574,25.553555478441574,25.94027542659142,968.0,1230.2295356985453,27.08982806803154
2,Pineapple Cake,qty,CV-3,3,2025-12-15,LightGBM,23.110670285137108,27.94609624198954,29.35683909958146,968.0,1121.0787575638244,15.813921235932273
3,Fresh Fruit Cake,qty,CV-3,3,2025-12-15,Prophet,26.63471202693069,31.174049675139432,45.323769886911876,710.0,1012.8928248460323,42.66096124592005
3,Fresh Fruit Cake,qty,CV-3,3,2025-12-15,AutoARIMA,47.35558542065754,51.31334935588322,65.68184487745286,710.0,1325.622610468548,86.70740992514759
3,Fresh Fruit Cake,qty,CV-3,3,2025-12-15,AutoETS,47.761661791015186,51.85877927727599,66.06053947512844,710.0,1330.9016032831976,87.45093003988698
3,Fresh Fruit Cake,qty,CV-3,3,2025-12-15,Croston,42.42190461895402,47.72204039465021,61.24441049640505,710.0,1261.4847600464025,77.67390986569049
3,Fresh Fruit Cake,qty,CV-3,3,2025-12-15,LightGBM,29.51145344079025,34.095983480298024,47.313708819019176,710.0,1093.6488947302732,54.035055595813134
4,Ferrero Rocher Cake,qty,CV-3,3,2025-12-15,Prophet,15.232562707637445,17.550183627914954,34.26323324638331,510.0,707.2974064720079,38.68576597490351
4,Ferrero Rocher Cake,qty,CV-3,3,2025-12-15,AutoARIMA,28.808600924287312,29.853728871640016,55.170243483620396,510.0,884.5118120157351,73.4336886305363
4,Ferrero Rocher Cake,qty,CV-3,3,2025-12-15,AutoETS,27.47129719768133,28.539730319474035,53.4606739618665,510.0,867.1268635698572,70.02487520977591
4,Ferrero Rocher Cake,qty,CV-3,3,2025-12-15,Croston,23.856536874488583,25.168744755958308,48.301905610660675,510.0,820.1349793683513,60.81078026830418
4,Ferrero Rocher Cake,qty,CV-3,3,2025-12-15,LightGBM,30.210369244070538,31.219085324758503,56.9254142890086,510.0,902.734800172917,77.00682356331706
5,Belgium Choco Mousse Cake,qty,CV-3,3,2025-12-15,Prophet,14.278606951971254,15.439177465867258,42.67612463686813,371.0,534.6835193630149,44.11954699811721
5,Belgium Choco Mousse Cake,qty,CV-3,3,2025-12-15,AutoARIMA,14.261427323090762,16.023064425705268,42.478353554848866,371.0,551.3600926956321,48.61458024141028
5,Belgium Choco Mousse Cake,qty,CV-3,3,2025-12-15,AutoETS,20.160305384646037,21.65005109251796,54.96732231623898,371.0,624.8317126830968,68.41825139706114
5,Belgium Choco Mousse Cake,qty,CV-3,3,2025-12-15,Croston,16.64363521113551,17.899884277057076,48.14080835693933,371.0,575.9794864256273,55.25053542469739
5,Belgium Choco Mousse Cake,qty,CV-3,3,2025-12-15,LightGBM,17.33260834005073,19.43596476134669,48.79209733247912,371.0,596.3239084206596,60.734207121471584
6,Biscoff Jar Cake,qty,CV-3,3,2025-12-15,Prophet,18.12365800503362,23.940540182000156,33.67082206421909,720.0,500.70400754470535,-30.457776729902037
6,Biscoff Jar Cake,qty,CV-3,3,2025-12-15,AutoARIMA,18.841589724531605,21.27133919312125,33.37820765762844,720.0,855.2457326891681,18.784129540162237
6,Biscoff Jar Cake,qty,CV-3,3,2025-12-15,AutoETS,21.31521157876599,24.987512926434523,36.60714966213907,720.0,937.5856396457169,30.220227728571796
6,Biscoff Jar Cake,qty,CV-3,3,2025-12-15,Croston,20.298198377235174,23.358353198055976,35.32903670268378,720.0,904.479105150549,25.62209793757625
6,Biscoff Jar Cake,qty,CV-3,3,2025-12-15,LightGBM,18.05307519162383,21.899623601284517,32.12693737739168,720.0,872.9724550851087,21.246174317376205
7,Dream Cake,qty,CV-3,3,2025-12-15,Prophet,11.00316102387285,13.209838327320345,32.07955975906977,464.0,411.7087839604254,-11.26965862921866
7,Dream Cake,qty,CV-3,3,2025-12-15,AutoARIMA,10.365703749882725,11.634011143646847,29.417129366642108,464.0,509.330359395625,9.769474007677804
7,Dream Cake,qty,CV-3,3,2025-12-15,AutoETS,10.358591863209078,11.781920192214075,29.424100926918168,464.0,450.602024882334,-2.887494637428022
7,Dream Cake,qty,CV-3,3,2025-12-15,Croston,10.358734600785256,11.781758021192015,29.42449399979995,464.0,450.6261475327085,-2.882295790364547
7,Dream Cake,qty,CV-3,3,2025-12-15,LightGBM,15.763763390143614,20.346956556987355,38.739368800887824,464.0,616.0939175394786,32.778861538680744
8,Tiramisu Cake,qty,CV-3,3,2025-12-15,Prophet,23.0563665540193,24.45299804710533,58.91545327526699,364.0,663.7327652022509,82.34416626435464
8,Tiramisu Cake,qty,CV-3,3,2025-12-15,AutoARIMA,29.229735399049723,29.873422018307974,69.58799713683787,364.0,743.9865601876464,104.3919121394633
8,Tiramisu Cake,qty,CV-3,3,2025-12-15,AutoETS,36.195323818911476,37.05795943372785,79.0807477659955,364.0,834.5392096458493,129.2690136389696
8,Tiramisu Cake,qty,CV-3,3,2025-12-15,Croston,23.4461136059067,24.070989819976056,60.257055540536186,364.0,668.799476876787,83.73612002109535
8,Tiramisu Cake,qty,CV-3,3,2025-12-15,LightGBM,27.395957985017713,30.197755724377256,64.51016288139547,364.0,720.1474538052303,97.84270708934898
9,Butterscotch Cake,qty,CV-3,3,2025-12-15,Prophet,17.721638611783497,19.5842920242656,30.291515230986565,724.0,866.3996813028984,19.66846426835614
9,Butterscotch Cake,qty,CV-3,3,2025-12-15,AutoARIMA,21.60854338505928,23.984308742177248,35.266464195592526,724.0,927.6371749375495,28.126681621208494
9,Butterscotch Cake,qty,CV-3,3,2025-12-15,AutoETS,19.039516178864343,22.090251733737713,32.05517565853956,724.0,916.5162031116433,26.59063578890101
9,Butterscotch Cake,qty,CV-3,3,2025-12-15,Croston,22.22023361300086,24.76780181121974,36.25455163624747,724.0,965.3835891451951,33.34027474381147
9,Butterscotch Cake,qty,CV-3,3,2025-12-15,LightGBM,20.16820683972746,23.092378407398925,32.88925926722585,724.0,924.5302492077847,27.697548233119427
10,Choco Vanilla Cake,qty,CV-3,3,2025-12-15,Prophet,11.49859634099238,13.500027863298298,36.708378788607995,364.0,488.2689335773813,34.13981691686299
10,Choco Vanilla Cake,qty,CV-3,3,2025-12-15,AutoARIMA,13.239173496985766,14.274254299125245,42.80382956326043,364.0,484.35962011919867,33.06582970307655
10,Choco Vanilla Cake,qty,CV-3,3,2025-12-15,AutoETS,23.024611879860572,24.68284010610398,62.91147787493999,364.0,642.961687449895,76.63782622249862
10,Choco Vanilla Cake,qty,CV-3,3,2025-12-15,Croston,18.98814709464845,20.469134407620984,55.501174192466884,364.0,584.8178962723262,60.664257217672024
10,Choco Vanilla Cake,qty,CV-3,3,2025-12-15,LightGBM,19.315660028103018,21.94262379729499,54.87965506770285,364.0,579.6745510966701,59.25125030128301
1,Choco Truffle Cake,qty,EVAL,4,2026-03-16,Prophet,88.35603736676067,96.17648751186387,38.6355397918219,2611.0,3632.813884016758,39.134963003322795
1,Choco Truffle Cake,qty,EVAL,4,2026-03-16,AutoARIMA,72.83166701151055,101.92845003606458,29.97704412390244,2611.0,3380.6168583272542,29.47594248668151
1,Choco Truffle Cake,qty,EVAL,4,2026-03-16,AutoETS,73.1540123941062,88.70952168535086,33.68595652210814,2611.0,3547.820735873086,35.879767746958485
1,Choco Truffle Cake,qty,EVAL,4,2026-03-16,Croston,69.70281234806951,85.42931847187917,32.47808652893754,2611.0,3494.7977533476123,33.849013916032646
1,Choco Truffle Cake,qty,EVAL,4,2026-03-16,LightGBM,92.6933027251422,112.07050905495615,37.975505500224095,2611.0,3710.345729867723,42.10439409681054
2,Pineapple Cake,qty,EVAL,4,2026-03-16,Prophet,30.412021871598633,34.001063003592954,46.10341916367843,721.0,1100.9859957505225,52.70263463946221
2,Pineapple Cake,qty,EVAL,4,2026-03-16,AutoARIMA,24.985503697343038,29.427784632362407,40.05489323630306,721.0,1044.1271940550594,44.81653176907897
2,Pineapple Cake,qty,EVAL,4,2026-03-16,AutoETS,21.560292596160373,25.53390676533164,36.08994863399634,721.0,978.2988276390112,35.6863838611666
2,Pineapple Cake,qty,EVAL,4,2026-03-16,Croston,21.808418588990573,25.812711529704266,36.39512287187068,721.0,982.9580823932678,36.33260504760996
2,Pineapple Cake,qty,EVAL,4,2026-03-16,LightGBM,29.278647266901274,35.66979221925503,43.67507758984468,721.0,1061.0661976518577,47.16590813479302
3,Fresh Fruit Cake,qty,EVAL,4,2026-03-16,Prophet,13.873780427301439,16.35030891578149,26.003212968816204,658.0,806.4776397999688,22.56499085105908
3,Fresh Fruit Cake,qty,EVAL,4,2026-03-16,AutoARIMA,12.601448060987488,14.203347549126676,22.986539572134078,658.0,790.5142456514824,20.13894310812802
3,Fresh Fruit Cake,qty,EVAL,4,2026-03-16,AutoETS,15.963343799104884,18.969297889173014,29.013080126028612,658.0,865.5234693883638,31.53852118364191
3,Fresh Fruit Cake,qty,EVAL,4,2026-03-16,Croston,17.51967820854484,20.296429284254025,31.247600171813282,658.0,885.7558167110832,34.61334600472389
3,Fresh Fruit Cake,qty,EVAL,4,2026-03-16,LightGBM,22.29670146347203,26.226237358422566,35.73568472435843,658.0,947.8571190251365,44.05123389439765
4,Ferrero Rocher Cake,qty,EVAL,4,2026-03-16,Prophet,12.011883044399829,15.234315796696936,29.81400228939592,555.0,618.0730437604042,11.364512389262012
4,Ferrero Rocher Cake,qty,EVAL,4,2026-03-16,AutoARIMA,12.14541804405864,16.307734610834355,30.262886759488566,555.0,522.2883130281175,-5.893997652591441
4,Ferrero Rocher Cake,qty,EVAL,4,2026-03-16,AutoETS,12.081961776124594,15.816512300061653,29.90991385172351,555.0,570.9670641827452,2.8769485013955247
4,Ferrero Rocher Cake,qty,EVAL,4,2026-03-16,Croston,12.036140754189363,16.528628152817397,29.87788395190084,555.0,526.8922125419979,-5.064466208649031
4,Ferrero Rocher Cake,qty,EVAL,4,2026-03-16,LightGBM,12.704527558718597,17.968287498032396,31.007063195346134,555.0,527.4299162572637,-4.967582656348883
5,Belgium Choco Mousse Cake,qty,EVAL,4,2026-03-16,Prophet,15.507982600607031,16.37564932211134,66.4774351877392,232.0,433.60377380789146,86.89817836547046
5,Belgium Choco Mousse Cake,qty,EVAL,4,2026-03-16,AutoARIMA,9.221753177291799,10.9594245385304,48.46259179796778,232.0,345.720935434044,49.01764458363966
5,Belgium Choco Mousse Cake,qty,EVAL,4,2026-03-16,AutoETS,14.60543469631994,16.1245710359687,64.03941113310594,232.0,421.87065105215925,81.84079786731002
5,Belgium Choco Mousse Cake,qty,EVAL,4,2026-03-16,Croston,8.711045660839519,10.570408621773334,46.541086103683476,232.0,332.8809595259826,43.48317220947525
5,Belgium Choco Mousse Cake,qty,EVAL,4,2026-03-16,LightGBM,9.251513518425858,11.034336601089441,47.98055176768669,232.0,337.6246402702154,45.527862185437684
6,Biscoff Jar Cake,qty,EVAL,4,2026-03-16,Prophet,20.986437165384032,23.612077745363116,44.6208421450021,240.0,211.41800057083987,-11.909166428816723
6,Biscoff Jar Cake,qty,EVAL,4,2026-03-16,AutoARIMA,15.943800766788442,17.02888781419428,32.97418301517198,240.0,278.59501916971107,16.08125798737961
6,Biscoff Jar Cake,qty,EVAL,4,2026-03-16,AutoETS,16.043188893220748,17.25983034302773,33.1259867611471,240.0,281.07972233051873,17.116550971049474
6,Biscoff Jar Cake,qty,EVAL,4,2026-03-16,Croston,15.997336385941718,17.151882935885897,33.05627349780689,240.0,279.933409648543,16.63892068689291
6,Biscoff Jar Cake,qty,EVAL,4,2026-03-16,LightGBM,17.50080257140565,20.879743065048068,35.36999573253191,240.0,299.08564591782863,24.619019132428598
7,Dream Cake,qty,EVAL,4,2026-03-16,Prophet,7.966404671616446,9.72326897601303,27.338531715687157,395.0,398.7382059171408,0.9463812448457766
7,Dream Cake,qty,EVAL,4,2026-03-16,AutoARIMA,9.954398192371713,12.339412390064101,31.66971680826252,395.0,514.6330464807372,30.286847210313223
7,Dream Cake,qty,EVAL,4,2026-03-16,AutoETS,9.039325384362115,11.523850291667362,29.41742751793159,395.0,499.33145363247263,26.41302623606902
7,Dream Cake,qty,EVAL,4,2026-03-16,Croston,9.048499884813827,11.53140396762061,29.44015411832051,395.0,499.47240732123055,26.44871071423558
7,Dream Cake,qty,EVAL,4,2026-03-16,LightGBM,11.752096278192768,13.25212258222271,35.572763702034,395.0,532.7213121087691,34.86615496424535
8,Tiramisu Cake,qty,EVAL,4,2026-03-16,Prophet,21.15550011922058,22.402374152712778,65.54082880634446,310.0,585.0215015498676,88.7166134031831
8,Tiramisu Cake,qty,EVAL,4,2026-03-16,AutoARIMA,8.111184815887414,9.075585697294581,34.21738086127316,310.0,346.95804677699465,11.92195057322408
8,Tiramisu Cake,qty,EVAL,4,2026-03-16,AutoETS,8.152181109134787,9.109537552681347,34.359277275084835,310.0,348.3437214887559,12.368942415727702
8,Tiramisu Cake,qty,EVAL,4,2026-03-16,Croston,8.142585511777874,9.101490234515783,34.32613836711679,310.0,348.01939029809205,12.264319450997435
8,Tiramisu Cake,qty,EVAL,4,2026-03-16,LightGBM,9.976173829426378,11.583392797804626,39.71854296519856,310.0,356.7830988761984,15.09132221812851
9,Butterscotch Cake,qty,EVAL,4,2026-03-16,Prophet,23.503256517195616,25.583660169086837,70.90616934025628,327.0,632.542334723543,93.4380228512364
9,Butterscotch Cake,qty,EVAL,4,2026-03-16,AutoARIMA,33.647466788510926,35.446375885629394,86.09194195922872,327.0,764.4170682506422,133.76668753842267
9,Butterscotch Cake,qty,EVAL,4,2026-03-16,AutoETS,33.76222833855961,35.695547146019166,85.94138420993247,327.0,765.9089684012749,134.22292611659782
9,Butterscotch Cake,qty,EVAL,4,2026-03-16,Croston,32.29278645655864,34.30900874110963,83.98233405503272,327.0,746.8062239352623,128.38110823708328
9,Butterscotch Cake,qty,EVAL,4,2026-03-16,LightGBM,27.302329339547295,29.909436004003844,76.52466032446476,327.0,681.9302814141149,108.5413704630321
10,Choco Vanilla Cake,qty,EVAL,4,2026-03-16,Prophet,7.197976843202772,9.501714404992365,48.96381602930352,254.0,182.69122126932416,-28.07432233491175
10,Choco Vanilla Cake,qty,EVAL,4,2026-03-16,AutoARIMA,11.898549203621238,19.05184045572188,54.69291264374721,254.0,265.59969972127993,4.5668109138897375
10,Choco Vanilla Cake,qty,EVAL,4,2026-03-16,AutoETS,12.84606583865152,14.334998676077166,53.420505500653746,254.0,419.5357280322343,65.17154646938359
10,Choco Vanilla Cake,qty,EVAL,4,2026-03-16,Croston,6.326820724086334,7.521599562796502,31.95155590785999,254.0,301.31895748151294,18.629510819493284
10,Choco Vanilla Cake,qty,EVAL,4,2026-03-16,LightGBM,8.633321408153817,9.922747999474863,39.57001927493008,254.0,344.2119767362515,35.51652627411475
