rank,product,metric,week_index,week_start,actual,point,with_safety_30pct,point_err,safety_err
1,Choco Truffle Cake,totalValue,1,2026-03-16,22709.010000000002,35381.42505054544,45995.85256570907,12672.415050545438,23286.84256570907
1,Choco Truffle Cake,totalValue,2,2026-03-23,13025.650000000001,35381.42505054544,45995.85256570907,22355.77505054544,32970.20256570907
1,Choco Truffle Cake,totalValue,3,2026-03-30,39507.07,35381.42505054544,45995.85256570907,-4125.6449494545595,6488.7825657090725
1,Choco Truffle Cake,totalValue,4,2026-04-06,19297.32,35381.42505054544,45995.85256570907,16084.10505054544,26698.532565709073
1,Choco Truffle Cake,totalValue,5,2026-04-13,35564.509999999995,35381.42505054544,45995.85256570907,-183.0849494545546,10431.342565709077
1,Choco Truffle Cake,totalValue,6,2026-04-20,25579.879999999997,35381.42505054544,45995.85256570907,9801.545050545443,20415.972565709075
1,Choco Truffle Cake,totalValue,7,2026-04-27,31157.079999999998,35381.42505054544,45995.85256570907,4224.345050545442,14838.772565709074
1,Choco Truffle Cake,totalValue,8,2026-05-04,32638.980000000003,35381.42505054544,45995.85256570907,2742.445050545437,13356.872565709069
1,Choco Truffle Cake,totalValue,9,2026-05-11,33887.18000000001,35381.42505054544,45995.85256570907,1494.2450505454326,12108.672565709065
1,Choco Truffle Cake,totalValue,10,2026-05-18,25126.11,35381.42505054544,45995.85256570907,10255.31505054544,20869.74256570907
1,Choco Truffle Cake,totalValue,11,2026-05-25,32377.55,35381.42505054544,45995.85256570907,3003.875050545441,13618.302565709073
1,Choco Truffle Cake,totalValue,12,2026-06-01,21354.18,35381.42505054544,45995.85256570907,14027.24505054544,24641.672565709072
1,Choco Truffle Cake,totalValue,13,2026-06-08,21244.33,35381.42505054544,45995.85256570907,14137.095050545438,24751.52256570907
1,Choco Truffle Cake,qty,1,2026-03-16,172.0,268.83059641135486,349.4797753347613,96.83059641135486,177.4797753347613
1,Choco Truffle Cake,qty,2,2026-03-23,103.0,268.83059641135486,349.4797753347613,165.83059641135486,246.4797753347613
1,Choco Truffle Cake,qty,3,2026-03-30,280.0,268.83059641135486,349.4797753347613,-11.169403588645139,69.47977533476131
1,Choco Truffle Cake,qty,4,2026-04-06,141.0,268.83059641135486,349.4797753347613,127.83059641135486,208.4797753347613
1,Choco Truffle Cake,qty,5,2026-04-13,259.0,268.83059641135486,349.4797753347613,9.830596411354861,90.47977533476131
1,Choco Truffle Cake,qty,6,2026-04-20,185.0,268.83059641135486,349.4797753347613,83.83059641135486,164.4797753347613
1,Choco Truffle Cake,qty,7,2026-04-27,233.0,268.83059641135486,349.4797753347613,35.83059641135486,116.47977533476131
1,Choco Truffle Cake,qty,8,2026-05-04,247.0,268.83059641135486,349.4797753347613,21.83059641135486,102.47977533476131
1,Choco Truffle Cake,qty,9,2026-05-11,256.0,268.83059641135486,349.4797753347613,12.830596411354861,93.47977533476131
1,Choco Truffle Cake,qty,10,2026-05-18,187.0,268.83059641135486,349.4797753347613,81.83059641135486,162.4797753347613
1,Choco Truffle Cake,qty,11,2026-05-25,231.0,268.83059641135486,349.4797753347613,37.83059641135486,118.47977533476131
1,Choco Truffle Cake,qty,12,2026-06-01,161.0,268.83059641135486,349.4797753347613,107.83059641135486,188.4797753347613
1,Choco Truffle Cake,qty,13,2026-06-08,156.0,268.83059641135486,349.4797753347613,112.83059641135486,193.4797753347613
2,Pineapple Cake,totalValue,1,2026-03-16,8053.71,11794.77357624731,15333.205649121503,3741.0635762473094,7279.4956491215025
2,Pineapple Cake,totalValue,2,2026-03-23,6981.42,11794.77357624731,15333.205649121503,4813.353576247309,8351.785649121503
2,Pineapple Cake,totalValue,3,2026-03-30,13262.3,11794.77357624731,15333.205649121503,-1467.5264237526899,2070.9056491215033
2,Pineapple Cake,totalValue,4,2026-04-06,10174.150000000001,11794.77357624731,15333.205649121503,1620.623576247308,5159.055649121501
2,Pineapple Cake,totalValue,5,2026-04-13,8375.539999999999,11794.77357624731,15333.205649121503,3419.2335762473103,6957.6656491215035
2,Pineapple Cake,totalValue,6,2026-04-20,6768.84,11794.77357624731,15333.205649121503,5025.933576247309,8564.365649121502
2,Pineapple Cake,totalValue,7,2026-04-27,10165.17,11794.77357624731,15333.205649121503,1629.6035762473093,5168.0356491215025
2,Pineapple Cake,totalValue,8,2026-05-04,12483.6,11794.77357624731,15333.205649121503,-688.826423752691,2849.605649121502
2,Pineapple Cake,totalValue,9,2026-05-11,9724.029999999999,11794.77357624731,15333.205649121503,2070.7435762473106,5609.175649121504
2,Pineapple Cake,totalValue,10,2026-05-18,6433.33,11794.77357624731,15333.205649121503,5361.4435762473095,8899.875649121503
2,Pineapple Cake,totalValue,11,2026-05-25,12292.720000000001,11794.77357624731,15333.205649121503,-497.94642375269177,3040.4856491215014
2,Pineapple Cake,totalValue,12,2026-06-01,8835.29,11794.77357624731,15333.205649121503,2959.4835762473085,6497.915649121502
2,Pineapple Cake,totalValue,13,2026-06-08,4648.54,11794.77357624731,15333.205649121503,7146.233576247309,10684.665649121504
2,Pineapple Cake,qty,1,2026-03-16,49.0,75.6121601840975,98.29580823932676,26.612160184097505,49.29580823932676
2,Pineapple Cake,qty,2,2026-03-23,48.0,75.6121601840975,98.29580823932676,27.612160184097505,50.29580823932676
2,Pineapple Cake,qty,3,2026-03-30,85.0,75.6121601840975,98.29580823932676,-9.387839815902495,13.29580823932676
2,Pineapple Cake,qty,4,2026-04-06,59.0,75.6121601840975,98.29580823932676,16.612160184097505,39.29580823932676
2,Pineapple Cake,qty,5,2026-04-13,50.0,75.6121601840975,98.29580823932676,25.612160184097505,48.29580823932676
2,Pineapple Cake,qty,6,2026-04-20,41.0,75.6121601840975,98.29580823932676,34.612160184097505,57.29580823932676
2,Pineapple Cake,qty,7,2026-04-27,62.0,75.6121601840975,98.29580823932676,13.612160184097505,36.29580823932676
2,Pineapple Cake,qty,8,2026-05-04,77.0,75.6121601840975,98.29580823932676,-1.3878398159024954,21.29580823932676
2,Pineapple Cake,qty,9,2026-05-11,60.0,75.6121601840975,98.29580823932676,15.612160184097505,38.29580823932676
2,Pineapple Cake,qty,10,2026-05-18,36.0,75.6121601840975,98.29580823932676,39.612160184097505,62.29580823932676
2,Pineapple Cake,qty,11,2026-05-25,75.0,75.6121601840975,98.29580823932676,0.6121601840975046,23.29580823932676
2,Pineapple Cake,qty,12,2026-06-01,53.0,75.6121601840975,98.29580823932676,22.612160184097505,45.29580823932676
2,Pineapple Cake,qty,13,2026-06-08,26.0,75.6121601840975,98.29580823932676,49.612160184097505,72.29580823932676
3,Fresh Fruit Cake,totalValue,1,2026-03-16,10910.86,11784.757083518838,15320.18420857449,873.8970835188375,4409.32420857449
3,Fresh Fruit Cake,totalValue,2,2026-03-23,6061.2,11784.757083518838,15320.18420857449,5723.557083518838,9258.98420857449
3,Fresh Fruit Cake,totalValue,3,2026-03-30,11448.99,11784.757083518838,15320.18420857449,335.76708351883826,3871.1942085744904
3,Fresh Fruit Cake,totalValue,4,2026-04-06,10230.98,11784.757083518838,15320.18420857449,1553.7770835188385,5089.204208574491
3,Fresh Fruit Cake,totalValue,5,2026-04-13,9531.93,11784.757083518838,15320.18420857449,2252.8270835188378,5788.25420857449
3,Fresh Fruit Cake,totalValue,6,2026-04-20,7903.37,11784.757083518838,15320.18420857449,3881.387083518838,7416.81420857449
3,Fresh Fruit Cake,totalValue,7,2026-04-27,10582.94,11784.757083518838,15320.18420857449,1201.8170835188375,4737.24420857449
3,Fresh Fruit Cake,totalValue,8,2026-05-04,7712.1900000000005,11784.757083518838,15320.18420857449,4072.5670835188375,7607.99420857449
3,Fresh Fruit Cake,totalValue,9,2026-05-11,7753.31,11784.757083518838,15320.18420857449,4031.4470835188376,7566.87420857449
3,Fresh Fruit Cake,totalValue,10,2026-05-18,6582.68,11784.757083518838,15320.18420857449,5202.077083518838,8737.50420857449
3,Fresh Fruit Cake,totalValue,11,2026-05-25,10229.29,11784.757083518838,15320.18420857449,1555.4670835188372,5090.894208574489
3,Fresh Fruit Cake,totalValue,12,2026-06-01,7246.41,11784.757083518838,15320.18420857449,4538.347083518838,8073.77420857449
3,Fresh Fruit Cake,totalValue,13,2026-06-08,11709.54,11784.757083518838,15320.18420857449,75.21708351883717,3610.6442085744893
3,Fresh Fruit Cake,qty,1,2026-03-16,63.0,68.13506282392946,88.5755816711083,5.135062823929459,25.575581671108296
3,Fresh Fruit Cake,qty,2,2026-03-23,35.0,68.13506282392946,88.5755816711083,33.13506282392946,53.575581671108296
3,Fresh Fruit Cake,qty,3,2026-03-30,66.0,68.13506282392946,88.5755816711083,2.1350628239294593,22.575581671108296
3,Fresh Fruit Cake,qty,4,2026-04-06,57.0,68.13506282392946,88.5755816711083,11.13506282392946,31.575581671108296
3,Fresh Fruit Cake,qty,5,2026-04-13,53.0,68.13506282392946,88.5755816711083,15.13506282392946,35.575581671108296
3,Fresh Fruit Cake,qty,6,2026-04-20,44.0,68.13506282392946,88.5755816711083,24.13506282392946,44.575581671108296
3,Fresh Fruit Cake,qty,7,2026-04-27,59.0,68.13506282392946,88.5755816711083,9.13506282392946,29.575581671108296
3,Fresh Fruit Cake,qty,8,2026-05-04,43.0,68.13506282392946,88.5755816711083,25.13506282392946,45.575581671108296
3,Fresh Fruit Cake,qty,9,2026-05-11,44.0,68.13506282392946,88.5755816711083,24.13506282392946,44.575581671108296
3,Fresh Fruit Cake,qty,10,2026-05-18,37.0,68.13506282392946,88.5755816711083,31.13506282392946,51.575581671108296
3,Fresh Fruit Cake,qty,11,2026-05-25,57.0,68.13506282392946,88.5755816711083,11.13506282392946,31.575581671108296
3,Fresh Fruit Cake,qty,12,2026-06-01,39.0,68.13506282392946,88.5755816711083,29.13506282392946,49.575581671108296
3,Fresh Fruit Cake,qty,13,2026-06-08,61.0,68.13506282392946,88.5755816711083,7.135062823929459,27.575581671108296
4,Ferrero Rocher Cake,totalValue,1,2026-03-16,7365.83,13393.082513196461,17411.0072671554,6027.252513196461,10045.1772671554
4,Ferrero Rocher Cake,totalValue,2,2026-03-23,3681.22,13393.082513196461,17411.0072671554,9711.862513196462,13729.787267155401
4,Ferrero Rocher Cake,totalValue,3,2026-03-30,11016.36,13393.082513196461,17411.0072671554,2376.7225131964606,6394.6472671554
4,Ferrero Rocher Cake,totalValue,4,2026-04-06,9549.66,13393.082513196461,17411.0072671554,3843.4225131964613,7861.347267155401
4,Ferrero Rocher Cake,totalValue,5,2026-04-13,13716.31,13393.082513196461,17411.0072671554,-323.22748680353834,3694.6972671554013
4,Ferrero Rocher Cake,totalValue,6,2026-04-20,17353.69,13393.082513196461,17411.0072671554,-3960.6074868035375,57.31726715540208
4,Ferrero Rocher Cake,totalValue,7,2026-04-27,20266.989999999998,13393.082513196461,17411.0072671554,-6873.907486803537,-2855.982732844597
4,Ferrero Rocher Cake,totalValue,8,2026-05-04,15850.13,13393.082513196461,17411.0072671554,-2457.047486803538,1560.8772671554016
4,Ferrero Rocher Cake,totalValue,9,2026-05-11,25083.739999999998,13393.082513196461,17411.0072671554,-11690.657486803537,-7672.732732844597
4,Ferrero Rocher Cake,totalValue,10,2026-05-18,12693.5,13393.082513196461,17411.0072671554,699.5825131964612,4717.507267155401
4,Ferrero Rocher Cake,totalValue,11,2026-05-25,11687.56,13393.082513196461,17411.0072671554,1705.5225131964617,5723.447267155401
4,Ferrero Rocher Cake,totalValue,12,2026-06-01,13492.21,13393.082513196461,17411.0072671554,-99.12748680353798,3918.7972671554016
4,Ferrero Rocher Cake,totalValue,13,2026-06-08,13448.8,13393.082513196461,17411.0072671554,-55.71748680353812,3962.2072671554015
4,Ferrero Rocher Cake,qty,1,2026-03-16,24.0,40.5301701955383,52.689221254199786,16.530170195538297,28.689221254199786
4,Ferrero Rocher Cake,qty,2,2026-03-23,12.0,40.5301701955383,52.689221254199786,28.530170195538297,40.689221254199786
4,Ferrero Rocher Cake,qty,3,2026-03-30,36.0,40.5301701955383,52.689221254199786,4.530170195538297,16.689221254199786
4,Ferrero Rocher Cake,qty,4,2026-04-06,30.0,40.5301701955383,52.689221254199786,10.530170195538297,22.689221254199786
4,Ferrero Rocher Cake,qty,5,2026-04-13,43.0,40.5301701955383,52.689221254199786,-2.4698298044617033,9.689221254199786
4,Ferrero Rocher Cake,qty,6,2026-04-20,54.0,40.5301701955383,52.689221254199786,-13.469829804461703,-1.3107787458002136
4,Ferrero Rocher Cake,qty,7,2026-04-27,64.0,40.5301701955383,52.689221254199786,-23.469829804461703,-11.310778745800214
4,Ferrero Rocher Cake,qty,8,2026-05-04,50.0,40.5301701955383,52.689221254199786,-9.469829804461703,2.6892212541997864
4,Ferrero Rocher Cake,qty,9,2026-05-11,79.0,40.5301701955383,52.689221254199786,-38.4698298044617,-26.310778745800214
4,Ferrero Rocher Cake,qty,10,2026-05-18,40.0,40.5301701955383,52.689221254199786,0.5301701955382967,12.689221254199786
4,Ferrero Rocher Cake,qty,11,2026-05-25,37.0,40.5301701955383,52.689221254199786,3.5301701955382967,15.689221254199786
4,Ferrero Rocher Cake,qty,12,2026-06-01,43.0,40.5301701955383,52.689221254199786,-2.4698298044617033,9.689221254199786
4,Ferrero Rocher Cake,qty,13,2026-06-08,43.0,40.5301701955383,52.689221254199786,-2.4698298044617033,9.689221254199786
5,Belgium Choco Mousse Cake,totalValue,1,2026-03-16,4375.379999999999,7407.920455658337,9630.296592355839,3032.540455658338,5254.916592355839
5,Belgium Choco Mousse Cake,totalValue,2,2026-03-23,761.86,7407.920455658337,9630.296592355839,6646.060455658338,8868.436592355838
5,Belgium Choco Mousse Cake,totalValue,3,2026-03-30,3567.34,7407.920455658337,9630.296592355839,3840.580455658337,6062.956592355838
5,Belgium Choco Mousse Cake,totalValue,4,2026-04-06,3183.55,7407.920455658337,9630.296592355839,4224.370455658337,6446.746592355838
5,Belgium Choco Mousse Cake,totalValue,5,2026-04-13,4879.52,7407.920455658337,9630.296592355839,2528.400455658337,4750.776592355838
5,Belgium Choco Mousse Cake,totalValue,6,2026-04-20,5115.9,7407.920455658337,9630.296592355839,2292.0204556583376,4514.396592355839
5,Belgium Choco Mousse Cake,totalValue,7,2026-04-27,7049.97,7407.920455658337,9630.296592355839,357.950455658337,2580.3265923558383
5,Belgium Choco Mousse Cake,totalValue,8,2026-05-04,6796.55,7407.920455658337,9630.296592355839,611.370455658337,2833.7465923558384
5,Belgium Choco Mousse Cake,totalValue,9,2026-05-11,7050.15,7407.920455658337,9630.296592355839,357.7704556583376,2580.146592355839
5,Belgium Choco Mousse Cake,totalValue,10,2026-05-18,2393.02,7407.920455658337,9630.296592355839,5014.900455658337,7237.276592355838
5,Belgium Choco Mousse Cake,totalValue,11,2026-05-25,5767.6900000000005,7407.920455658337,9630.296592355839,1640.2304556583367,3862.606592355838
5,Belgium Choco Mousse Cake,totalValue,12,2026-06-01,4642.84,7407.920455658337,9630.296592355839,2765.080455658337,4987.456592355838
5,Belgium Choco Mousse Cake,totalValue,13,2026-06-08,3830.02,7407.920455658337,9630.296592355839,3577.9004556583373,5800.276592355838
5,Belgium Choco Mousse Cake,qty,1,2026-03-16,17.0,25.60622765584482,33.28809595259827,8.606227655844819,16.28809595259827
5,Belgium Choco Mousse Cake,qty,2,2026-03-23,3.0,25.60622765584482,33.28809595259827,22.60622765584482,30.28809595259827
5,Belgium Choco Mousse Cake,qty,3,2026-03-30,14.0,25.60622765584482,33.28809595259827,11.606227655844819,19.28809595259827
5,Belgium Choco Mousse Cake,qty,4,2026-04-06,12.0,25.60622765584482,33.28809595259827,13.606227655844819,21.28809595259827
5,Belgium Choco Mousse Cake,qty,5,2026-04-13,19.0,25.60622765584482,33.28809595259827,6.606227655844819,14.288095952598269
5,Belgium Choco Mousse Cake,qty,6,2026-04-20,20.0,25.60622765584482,33.28809595259827,5.606227655844819,13.288095952598269
5,Belgium Choco Mousse Cake,qty,7,2026-04-27,28.0,25.60622765584482,33.28809595259827,-2.393772344155181,5.288095952598269
5,Belgium Choco Mousse Cake,qty,8,2026-05-04,27.0,25.60622765584482,33.28809595259827,-1.393772344155181,6.288095952598269
5,Belgium Choco Mousse Cake,qty,9,2026-05-11,28.0,25.60622765584482,33.28809595259827,-2.393772344155181,5.288095952598269
5,Belgium Choco Mousse Cake,qty,10,2026-05-18,9.0,25.60622765584482,33.28809595259827,16.60622765584482,24.28809595259827
5,Belgium Choco Mousse Cake,qty,11,2026-05-25,22.0,25.60622765584482,33.28809595259827,3.606227655844819,11.288095952598269
5,Belgium Choco Mousse Cake,qty,12,2026-06-01,18.0,25.60622765584482,33.28809595259827,7.606227655844819,15.288095952598269
5,Belgium Choco Mousse Cake,qty,13,2026-06-08,15.0,25.60622765584482,33.28809595259827,10.606227655844819,18.28809595259827
6,Biscoff Jar Cake,totalValue,1,2026-01-19,3514.26,5289.924462128128,6876.901800766566,1775.6644621281275,3362.641800766566
6,Biscoff Jar Cake,totalValue,2,2026-01-26,3514.26,5289.924462128128,6876.901800766566,1775.6644621281275,3362.641800766566
6,Biscoff Jar Cake,totalValue,3,2026-02-02,7028.52,5289.924462128128,6876.901800766566,-1738.5955378718727,-151.6181992334341
6,Biscoff Jar Cake,totalValue,4,2026-02-09,7028.52,5289.924462128128,6876.901800766566,-1738.5955378718727,-151.6181992334341
6,Biscoff Jar Cake,totalValue,5,2026-02-16,3514.26,5289.924462128128,6876.901800766566,1775.6644621281275,3362.641800766566
6,Biscoff Jar Cake,totalValue,6,2026-02-23,5271.39,5289.924462128128,6876.901800766566,18.534462128127416,1605.511800766566
6,Biscoff Jar Cake,totalValue,7,2026-03-02,8196.49,5289.924462128128,6876.901800766566,-2906.565537871872,-1319.5881992334334
6,Biscoff Jar Cake,totalValue,8,2026-03-09,4113.5199999999995,5289.924462128128,6876.901800766566,1176.4044621281282,2763.381800766567
6,Biscoff Jar Cake,totalValue,9,2026-03-16,6469.66,5289.924462128128,6876.901800766566,-1179.735537871872,407.2418007665665
6,Biscoff Jar Cake,totalValue,10,2026-03-23,3603.67,5289.924462128128,6876.901800766566,1686.2544621281277,3273.2318007665663
6,Biscoff Jar Cake,totalValue,11,2026-03-30,6559.570000000001,5289.924462128128,6876.901800766566,-1269.6455378718729,317.3318007665657
6,Biscoff Jar Cake,totalValue,12,2026-04-06,4164.110000000001,5289.924462128128,6876.901800766566,1125.8144621281272,2712.7918007665658
6,Biscoff Jar Cake,totalValue,13,2026-04-13,3162.85,5289.924462128128,6876.901800766566,2127.074462128128,3714.0518007665664
6,Biscoff Jar Cake,qty,1,2026-01-19,36.0,54.256526500446085,70.53348445057992,18.256526500446085,34.53348445057992
6,Biscoff Jar Cake,qty,2,2026-01-26,36.0,54.256526500446085,70.53348445057992,18.256526500446085,34.53348445057992
6,Biscoff Jar Cake,qty,3,2026-02-02,72.0,54.256526500446085,70.53348445057992,-17.743473499553915,-1.4665155494200803
6,Biscoff Jar Cake,qty,4,2026-02-09,72.0,54.256526500446085,70.53348445057992,-17.743473499553915,-1.4665155494200803
6,Biscoff Jar Cake,qty,5,2026-02-16,36.0,54.256526500446085,70.53348445057992,18.256526500446085,34.53348445057992
6,Biscoff Jar Cake,qty,6,2026-02-23,54.0,54.256526500446085,70.53348445057992,0.2565265004460855,16.53348445057992
6,Biscoff Jar Cake,qty,7,2026-03-02,84.0,54.256526500446085,70.53348445057992,-29.743473499553915,-13.46651554942008
6,Biscoff Jar Cake,qty,8,2026-03-09,42.0,54.256526500446085,70.53348445057992,12.256526500446085,28.53348445057992
6,Biscoff Jar Cake,qty,9,2026-03-16,66.0,54.256526500446085,70.53348445057992,-11.743473499553915,4.53348445057992
6,Biscoff Jar Cake,qty,10,2026-03-23,36.0,54.256526500446085,70.53348445057992,18.256526500446085,34.53348445057992
6,Biscoff Jar Cake,qty,11,2026-03-30,66.0,54.256526500446085,70.53348445057992,-11.743473499553915,4.53348445057992
6,Biscoff Jar Cake,qty,12,2026-04-06,42.0,54.256526500446085,70.53348445057992,12.256526500446085,28.53348445057992
6,Biscoff Jar Cake,qty,13,2026-04-13,30.0,54.256526500446085,70.53348445057992,24.256526500446085,40.53348445057992
7,Dream Cake,totalValue,1,2026-03-16,6218.04,7345.902522243764,9549.673278916893,1127.862522243764,3331.633278916893
7,Dream Cake,totalValue,2,2026-03-23,2019.91,7345.902522243764,9549.673278916893,5325.992522243764,7529.763278916893
7,Dream Cake,totalValue,3,2026-03-30,6109.24,7345.902522243764,9549.673278916893,1236.6625222437642,3440.433278916893
7,Dream Cake,totalValue,4,2026-04-06,3105.1499999999996,7345.902522243764,9549.673278916893,4240.752522243764,6444.523278916893
7,Dream Cake,totalValue,5,2026-04-13,5186.9400000000005,7345.902522243764,9549.673278916893,2158.9625222437635,4362.733278916892
7,Dream Cake,totalValue,6,2026-04-20,5478.719999999999,7345.902522243764,9549.673278916893,1867.1825222437647,4070.9532789168934
7,Dream Cake,totalValue,7,2026-04-27,5522.08,7345.902522243764,9549.673278916893,1823.822522243764,4027.593278916893
7,Dream Cake,totalValue,8,2026-05-04,4960.72,7345.902522243764,9549.673278916893,2385.1825222437637,4588.9532789168925
7,Dream Cake,totalValue,9,2026-05-11,6017.3,7345.902522243764,9549.673278916893,1328.6025222437638,3532.3732789168926
7,Dream Cake,totalValue,10,2026-05-18,5887.9400000000005,7345.902522243764,9549.673278916893,1457.9625222437635,3661.7332789168922
7,Dream Cake,totalValue,11,2026-05-25,7775.549999999999,7345.902522243764,9549.673278916893,-429.6474777562353,1774.1232789168935
7,Dream Cake,totalValue,12,2026-06-01,3985.43,7345.902522243764,9549.673278916893,3360.472522243764,5564.243278916892
7,Dream Cake,totalValue,13,2026-06-08,4883.47,7345.902522243764,9549.673278916893,2462.4325222437637,4666.2032789168925
7,Dream Cake,qty,1,2026-03-16,36.0,38.42095440932543,49.94724073212306,2.4209544093254323,13.947240732123063
7,Dream Cake,qty,2,2026-03-23,12.0,38.42095440932543,49.94724073212306,26.420954409325432,37.94724073212306
7,Dream Cake,qty,3,2026-03-30,36.0,38.42095440932543,49.94724073212306,2.4209544093254323,13.947240732123063
7,Dream Cake,qty,4,2026-04-06,18.0,38.42095440932543,49.94724073212306,20.420954409325432,31.947240732123063
7,Dream Cake,qty,5,2026-04-13,30.0,38.42095440932543,49.94724073212306,8.420954409325432,19.947240732123063
7,Dream Cake,qty,6,2026-04-20,32.0,38.42095440932543,49.94724073212306,6.420954409325432,17.947240732123063
7,Dream Cake,qty,7,2026-04-27,34.0,38.42095440932543,49.94724073212306,4.420954409325432,15.947240732123063
7,Dream Cake,qty,8,2026-05-04,31.0,38.42095440932543,49.94724073212306,7.420954409325432,18.947240732123063
7,Dream Cake,qty,9,2026-05-11,36.0,38.42095440932543,49.94724073212306,2.4209544093254323,13.947240732123063
7,Dream Cake,qty,10,2026-05-18,34.0,38.42095440932543,49.94724073212306,4.420954409325432,15.947240732123063
7,Dream Cake,qty,11,2026-05-25,45.0,38.42095440932543,49.94724073212306,-6.579045590674568,4.947240732123063
7,Dream Cake,qty,12,2026-06-01,23.0,38.42095440932543,49.94724073212306,15.420954409325432,26.947240732123063
7,Dream Cake,qty,13,2026-06-08,28.0,38.42095440932543,49.94724073212306,10.420954409325432,21.947240732123063
8,Tiramisu Cake,totalValue,1,2026-03-16,3693.54,5179.421973166721,6733.248565116737,1485.8819731667209,3039.708565116737
8,Tiramisu Cake,totalValue,2,2026-03-23,2028.16,5179.421973166721,6733.248565116737,3151.261973166721,4705.088565116737
8,Tiramisu Cake,totalValue,3,2026-03-30,4425.76,5179.421973166721,6733.248565116737,753.6619731667206,2307.488565116737
8,Tiramisu Cake,totalValue,4,2026-04-06,3251.71,5179.421973166721,6733.248565116737,1927.7119731667208,3481.538565116737
8,Tiramisu Cake,totalValue,5,2026-04-13,4601.91,5179.421973166721,6733.248565116737,577.511973166721,2131.3385651167373
8,Tiramisu Cake,totalValue,6,2026-04-20,3423.0,5179.421973166721,6733.248565116737,1756.4219731667208,3310.248565116737
8,Tiramisu Cake,totalValue,7,2026-04-27,6671.49,5179.421973166721,6733.248565116737,-1492.068026833279,61.75856511673737
8,Tiramisu Cake,totalValue,8,2026-05-04,6684.2,5179.421973166721,6733.248565116737,-1504.778026833279,49.048565116737336
8,Tiramisu Cake,totalValue,9,2026-05-11,7426.36,5179.421973166721,6733.248565116737,-2246.938026833279,-693.1114348832625
8,Tiramisu Cake,totalValue,10,2026-05-18,6101.16,5179.421973166721,6733.248565116737,-921.738026833279,632.0885651167373
8,Tiramisu Cake,totalValue,11,2026-05-25,4777.27,5179.421973166721,6733.248565116737,402.1519731667204,1955.9785651167367
8,Tiramisu Cake,totalValue,12,2026-06-01,2685.69,5179.421973166721,6733.248565116737,2493.7319731667208,4047.558565116737
8,Tiramisu Cake,totalValue,13,2026-06-08,2977.35,5179.421973166721,6733.248565116737,2202.071973166721,3755.8985651167372
8,Tiramisu Cake,qty,1,2026-03-16,20.0,26.77072233062247,34.80193902980921,6.770722330622469,14.801939029809212
8,Tiramisu Cake,qty,2,2026-03-23,11.0,26.77072233062247,34.80193902980921,15.770722330622469,23.801939029809212
8,Tiramisu Cake,qty,3,2026-03-30,24.0,26.77072233062247,34.80193902980921,2.770722330622469,10.801939029809212
8,Tiramisu Cake,qty,4,2026-04-06,17.0,26.77072233062247,34.80193902980921,9.770722330622469,17.801939029809212
8,Tiramisu Cake,qty,5,2026-04-13,24.0,26.77072233062247,34.80193902980921,2.770722330622469,10.801939029809212
8,Tiramisu Cake,qty,6,2026-04-20,18.0,26.77072233062247,34.80193902980921,8.770722330622469,16.801939029809212
8,Tiramisu Cake,qty,7,2026-04-27,35.0,26.77072233062247,34.80193902980921,-8.229277669377531,-0.19806097019078805
8,Tiramisu Cake,qty,8,2026-05-04,35.0,26.77072233062247,34.80193902980921,-8.229277669377531,-0.19806097019078805
8,Tiramisu Cake,qty,9,2026-05-11,39.0,26.77072233062247,34.80193902980921,-12.229277669377531,-4.198060970190788
8,Tiramisu Cake,qty,10,2026-05-18,32.0,26.77072233062247,34.80193902980921,-5.229277669377531,2.801939029809212
8,Tiramisu Cake,qty,11,2026-05-25,25.0,26.77072233062247,34.80193902980921,1.770722330622469,9.801939029809212
8,Tiramisu Cake,qty,12,2026-06-01,14.0,26.77072233062247,34.80193902980921,12.770722330622469,20.801939029809212
8,Tiramisu Cake,qty,13,2026-06-08,16.0,26.77072233062247,34.80193902980921,10.770722330622469,18.801939029809212
9,Butterscotch Cake,totalValue,1,2026-03-16,3800.5699999999997,5662.317604018069,7361.012885223489,1861.747604018069,3560.4428852234896
9,Butterscotch Cake,totalValue,2,2026-03-23,294.02,5662.317604018069,7361.012885223489,5368.297604018069,7066.99288522349
9,Butterscotch Cake,totalValue,3,2026-03-30,2797.93,5662.317604018069,7361.012885223489,2864.387604018069,4563.08288522349
9,Butterscotch Cake,totalValue,4,2026-04-06,2425.27,5662.317604018069,7361.012885223489,3237.047604018069,4935.74288522349
9,Butterscotch Cake,totalValue,5,2026-04-13,2915.55,5662.317604018069,7361.012885223489,2746.7676040180686,4445.462885223489
9,Butterscotch Cake,totalValue,6,2026-04-20,2801.85,5662.317604018069,7361.012885223489,2860.467604018069,4559.16288522349
9,Butterscotch Cake,totalValue,7,2026-04-27,3551.04,5662.317604018069,7361.012885223489,2111.277604018069,3809.9728852234894
9,Butterscotch Cake,totalValue,8,2026-05-04,5955.29,5662.317604018069,7361.012885223489,-292.9723959819312,1405.7228852234894
9,Butterscotch Cake,totalValue,9,2026-05-11,4857.66,5662.317604018069,7361.012885223489,804.6576040180689,2503.3528852234895
9,Butterscotch Cake,totalValue,10,2026-05-18,744.39,5662.317604018069,7361.012885223489,4917.927604018068,6616.622885223489
9,Butterscotch Cake,totalValue,11,2026-05-25,2485.18,5662.317604018069,7361.012885223489,3177.137604018069,4875.83288522349
9,Butterscotch Cake,totalValue,12,2026-06-01,3016.16,5662.317604018069,7361.012885223489,2646.157604018069,4344.8528852234895
9,Butterscotch Cake,totalValue,13,2026-06-08,2516.49,5662.317604018069,7361.012885223489,3145.827604018069,4844.5228852234895
9,Butterscotch Cake,qty,1,2026-03-16,34.0,57.446632610404805,74.68062239352625,23.446632610404805,40.68062239352625
9,Butterscotch Cake,qty,2,2026-03-23,3.0,57.446632610404805,74.68062239352625,54.446632610404805,71.68062239352625
9,Butterscotch Cake,qty,3,2026-03-30,26.0,57.446632610404805,74.68062239352625,31.446632610404805,48.68062239352625
9,Butterscotch Cake,qty,4,2026-04-06,23.0,57.446632610404805,74.68062239352625,34.446632610404805,51.68062239352625
9,Butterscotch Cake,qty,5,2026-04-13,25.0,57.446632610404805,74.68062239352625,32.446632610404805,49.68062239352625
9,Butterscotch Cake,qty,6,2026-04-20,23.0,57.446632610404805,74.68062239352625,34.446632610404805,51.68062239352625
9,Butterscotch Cake,qty,7,2026-04-27,30.0,57.446632610404805,74.68062239352625,27.446632610404805,44.68062239352625
9,Butterscotch Cake,qty,8,2026-05-04,50.0,57.446632610404805,74.68062239352625,7.446632610404805,24.68062239352625
9,Butterscotch Cake,qty,9,2026-05-11,38.0,57.446632610404805,74.68062239352625,19.446632610404805,36.68062239352625
9,Butterscotch Cake,qty,10,2026-05-18,7.0,57.446632610404805,74.68062239352625,50.446632610404805,67.68062239352625
9,Butterscotch Cake,qty,11,2026-05-25,20.0,57.446632610404805,74.68062239352625,37.446632610404805,54.68062239352625
9,Butterscotch Cake,qty,12,2026-06-01,25.0,57.446632610404805,74.68062239352625,32.446632610404805,49.68062239352625
9,Butterscotch Cake,qty,13,2026-06-08,23.0,57.446632610404805,74.68062239352625,34.446632610404805,51.68062239352625
10,Choco Vanilla Cake,totalValue,1,2026-03-16,2142.9300000000003,3378.588440447542,4392.164972581804,1235.6584404475416,2249.234972581804
10,Choco Vanilla Cake,totalValue,2,2026-03-23,1143.31,3378.588440447542,4392.164972581804,2235.278440447542,3248.8549725818043
10,Choco Vanilla Cake,totalValue,3,2026-03-30,2028.46,3378.588440447542,4392.164972581804,1350.1284404475418,2363.704972581804
10,Choco Vanilla Cake,totalValue,4,2026-04-06,1937.47,3378.588440447542,4392.164972581804,1441.1184404475418,2454.694972581804
10,Choco Vanilla Cake,totalValue,5,2026-04-13,2948.11,3378.588440447542,4392.164972581804,430.47844044754174,1444.0549725818041
10,Choco Vanilla Cake,totalValue,6,2026-04-20,1996.74,3378.588440447542,4392.164972581804,1381.8484404475419,2395.4249725818045
10,Choco Vanilla Cake,totalValue,7,2026-04-27,2504.29,3378.588440447542,4392.164972581804,874.2984404475419,1887.8749725818043
10,Choco Vanilla Cake,totalValue,8,2026-05-04,2951.24,3378.588440447542,4392.164972581804,427.3484404475421,1440.9249725818045
10,Choco Vanilla Cake,totalValue,9,2026-05-11,3808.24,3378.588440447542,4392.164972581804,-429.6515595524579,583.9249725818045
10,Choco Vanilla Cake,totalValue,10,2026-05-18,1979.6799999999998,3378.588440447542,4392.164972581804,1398.908440447542,2412.4849725818044
10,Choco Vanilla Cake,totalValue,11,2026-05-25,4023.93,3378.588440447542,4392.164972581804,-645.341559552458,368.2349725818044
10,Choco Vanilla Cake,totalValue,12,2026-06-01,1384.4099999999999,3378.588440447542,4392.164972581804,1994.178440447542,3007.7549725818044
10,Choco Vanilla Cake,totalValue,13,2026-06-08,2846.08,3378.588440447542,4392.164972581804,532.508440447542,1546.0849725818043
10,Choco Vanilla Cake,qty,1,2026-03-16,18.0,23.178381344731765,30.131895748151294,5.178381344731765,12.131895748151294
10,Choco Vanilla Cake,qty,2,2026-03-23,9.0,23.178381344731765,30.131895748151294,14.178381344731765,21.131895748151294
10,Choco Vanilla Cake,qty,3,2026-03-30,17.0,23.178381344731765,30.131895748151294,6.178381344731765,13.131895748151294
10,Choco Vanilla Cake,qty,4,2026-04-06,14.0,23.178381344731765,30.131895748151294,9.178381344731765,16.131895748151294
10,Choco Vanilla Cake,qty,5,2026-04-13,22.0,23.178381344731765,30.131895748151294,1.1783813447317648,8.131895748151294
10,Choco Vanilla Cake,qty,6,2026-04-20,15.0,23.178381344731765,30.131895748151294,8.178381344731765,15.131895748151294
10,Choco Vanilla Cake,qty,7,2026-04-27,20.0,23.178381344731765,30.131895748151294,3.178381344731765,10.131895748151294
10,Choco Vanilla Cake,qty,8,2026-05-04,24.0,23.178381344731765,30.131895748151294,-0.8216186552682352,6.131895748151294
10,Choco Vanilla Cake,qty,9,2026-05-11,30.0,23.178381344731765,30.131895748151294,-6.821618655268235,0.1318957481512939
10,Choco Vanilla Cake,qty,10,2026-05-18,17.0,23.178381344731765,30.131895748151294,6.178381344731765,13.131895748151294
10,Choco Vanilla Cake,qty,11,2026-05-25,33.0,23.178381344731765,30.131895748151294,-9.821618655268235,-2.868104251848706
10,Choco Vanilla Cake,qty,12,2026-06-01,12.0,23.178381344731765,30.131895748151294,11.178381344731765,18.131895748151294
10,Choco Vanilla Cake,qty,13,2026-06-08,23.0,23.178381344731765,30.131895748151294,0.1783813447317648,7.131895748151294
