rank,product,metric,model,MAE,RMSE,sMAPE,ActualSum,ForecastSum,SumPctErr
1,Choco Truffle Cake,totalValue,Prophet,22470.679698183998,23854.576120659847,60.37644713512018,353468.85,645587.6860763918,82.64344540583757
1,Choco Truffle Cake,totalValue,AutoARIMA,8689.111619147057,10483.557111688628,30.54662023623007,353468.85,464265.81271710055,31.345608733867376
1,Choco Truffle Cake,totalValue,AutoETS,8794.671435698121,10927.496061686428,31.05142525856562,353468.85,458837.04918144236,29.809755281531142
1,Choco Truffle Cake,totalValue,Croston,8854.395034992996,10991.635438054562,31.210511518952455,353468.85,459958.52565709065,30.127032596250185
1,Choco Truffle Cake,qty,Prophet,88.35603736676067,96.17648751186387,38.6355397918219,2611.0,3632.813884016758,39.134963003322795
1,Choco Truffle Cake,qty,AutoARIMA,72.83166701151055,101.92845003606458,29.97704412390244,2611.0,3380.6168583272542,29.47594248668151
1,Choco Truffle Cake,qty,AutoETS,73.1540123941062,88.70952168535086,33.68595652210814,2611.0,3547.820735873086,35.879767746958485
1,Choco Truffle Cake,qty,Croston,69.70281234806951,85.42931847187917,32.47808652893754,2611.0,3494.7977533476123,33.849013916032646
2,Pineapple Cake,totalValue,Prophet,15400.281562645063,15803.493573128962,92.63402732768017,118198.64,318402.3003143858,169.37898804452044
2,Pineapple Cake,totalValue,AutoARIMA,2814.3213505258586,3407.1802812094047,29.81608696459678,118198.64,148740.8026801218,25.839690439857677
2,Pineapple Cake,totalValue,AutoETS,3059.2069752661005,3600.261701140744,32.03924245830771,118198.64,152083.4541171387,28.66768527720682
2,Pineapple Cake,totalValue,Croston,3110.924233363936,3670.39553848928,32.44763436050479,118198.64,153332.056491215,29.724044617784926
2,Pineapple Cake,qty,Prophet,30.412021871598633,34.001063003592954,46.10341916367843,721.0,1100.9859957505225,52.70263463946221
2,Pineapple Cake,qty,AutoARIMA,24.985503697343038,29.427784632362407,40.05489323630306,721.0,1044.1271940550594,44.81653176907897
2,Pineapple Cake,qty,AutoETS,21.560292596160373,25.53390676533164,36.08994863399634,721.0,978.2988276390112,35.6863838611666
2,Pineapple Cake,qty,Croston,21.808418588990573,25.812711529704266,36.39512287187068,721.0,982.9580823932678,36.33260504760996
3,Fresh Fruit Cake,totalValue,Prophet,4397.694169743884,4912.100409187873,40.48068504316316,117903.69,175073.7142066705,48.48874891589101
3,Fresh Fruit Cake,totalValue,AutoARIMA,6321.449338863166,6572.893925241083,53.045733195054304,117903.69,200082.53140522112,69.69997411041258
3,Fresh Fruit Cake,totalValue,AutoETS,2874.990170838594,3421.2635658657323,29.17524418214621,117903.69,155278.5622209017,31.699493222732627
3,Fresh Fruit Cake,totalValue,Croston,2715.2424681342227,3288.16325103566,27.870488587439908,117903.69,153201.8420857449,29.93812329855401
3,Fresh Fruit Cake,qty,Prophet,13.873780427301439,16.35030891578149,26.003212968816204,658.0,806.4776397999688,22.56499085105908
3,Fresh Fruit Cake,qty,AutoARIMA,12.601448060987488,14.203347549126676,22.986539572134078,658.0,790.5142456514824,20.13894310812802
3,Fresh Fruit Cake,qty,AutoETS,15.963343799104884,18.969297889173014,29.013080126028612,658.0,865.5234693883638,31.53852118364191
3,Fresh Fruit Cake,qty,Croston,17.51967820854484,20.296429284254025,31.247600171813282,658.0,885.7558167110832,34.61334600472389
4,Ferrero Rocher Cake,totalValue,Prophet,4243.745181213106,5337.097823306849,32.73847396779293,175205.99999999997,201086.60404560532,14.771528398345577
4,Ferrero Rocher Cake,totalValue,AutoARIMA,3922.2996039426002,5141.284831686295,30.936299846305953,175205.99999999997,172977.45455941488,-1.2719572620715562
4,Ferrero Rocher Cake,totalValue,AutoETS,3846.6583028481527,5270.080960768804,30.249055114632924,175205.99999999997,171745.36681866198,-1.975179606484935
4,Ferrero Rocher Cake,totalValue,Croston,3832.6659605233485,5264.028531322875,30.11428405588824,175205.99999999997,174110.07267155396,-0.6255078755556357
4,Ferrero Rocher Cake,qty,Prophet,12.011883044399829,15.234315796696936,29.81400228939592,555.0,618.0730437604042,11.364512389262012
4,Ferrero Rocher Cake,qty,AutoARIMA,12.14541804405864,16.307734610834355,30.262886759488566,555.0,522.2883130281175,-5.893997652591441
4,Ferrero Rocher Cake,qty,AutoETS,12.081961776124594,15.816512300061653,29.90991385172351,555.0,570.9670641827452,2.8769485013955247
4,Ferrero Rocher Cake,qty,Croston,12.036140754189363,16.528628152817397,29.87788395190084,555.0,526.8922125419979,-5.064466208649031
5,Belgium Choco Mousse Cake,totalValue,Prophet,4173.195239931354,4393.100256441867,67.99120853903612,59413.79,113665.32811910761,91.31135737866177
5,Belgium Choco Mousse Cake,totalValue,AutoARIMA,3263.5893401038584,3725.0520751902127,63.614607865789175,59413.79,87278.63789679315,46.89963036660875
5,Belgium Choco Mousse Cake,totalValue,AutoETS,2824.997594147991,3346.5784358656692,53.46392158177562,59413.79,96138.75872392388,61.81219667003886
5,Belgium Choco Mousse Cake,totalValue,Croston,2837.6289171967987,3357.2479342715587,53.61465690515884,59413.79,96302.96592355841,62.08857560434776
5,Belgium Choco Mousse Cake,qty,Prophet,15.507982600607031,16.37564932211134,66.4774351877392,232.0,433.60377380789146,86.89817836547046
5,Belgium Choco Mousse Cake,qty,AutoARIMA,9.221753177291799,10.9594245385304,48.46259179796778,232.0,345.720935434044,49.01764458363966
5,Belgium Choco Mousse Cake,qty,AutoETS,14.60543469631994,16.1245710359687,64.03941113310594,232.0,421.87065105215925,81.84079786731002
5,Belgium Choco Mousse Cake,qty,Croston,8.711045660839519,10.570408621773334,46.541086103683476,232.0,332.8809595259826,43.48317220947525
6,Biscoff Jar Cake,totalValue,Prophet,2134.9737147780406,2401.0397499014994,46.486986509531114,23959.86,20250.54115302018,-15.481387816872966
6,Biscoff Jar Cake,totalValue,AutoARIMA,1263.346625789324,1491.4220560729004,26.749739580470255,23959.86,28071.872541627592,17.162089184275665
6,Biscoff Jar Cake,totalValue,AutoETS,1512.9120913036113,1592.6428411226414,31.29748043579072,23959.86,27345.409553989157,14.130089048889086
6,Biscoff Jar Cake,totalValue,Croston,1513.378374118212,1592.883760784919,31.30598923562524,23959.86,27341.4593529553,14.11360230383357
6,Biscoff Jar Cake,qty,Prophet,20.986437165384032,23.612077745363116,44.6208421450021,240.0,211.41800057083987,-11.909166428816723
6,Biscoff Jar Cake,qty,AutoARIMA,15.943800766788442,17.02888781419428,32.97418301517198,240.0,278.59501916971107,16.08125798737961
6,Biscoff Jar Cake,qty,AutoETS,16.043188893220748,17.25983034302773,33.1259867611471,240.0,281.07972233051873,17.116550971049474
6,Biscoff Jar Cake,qty,Croston,15.997336385941718,17.151882935885897,33.05627349780689,240.0,279.933409648543,16.63892068689291
7,Dream Cake,totalValue,Prophet,1396.680331700468,1724.6805244491177,27.35072343804992,67150.49,75006.01353927032,11.698386027071905
7,Dream Cake,totalValue,AutoARIMA,2253.1041582589105,2604.4959749447657,39.14146213989455,67150.49,95596.9702496142,42.362282463782755
7,Dream Cake,totalValue,AutoETS,2248.4391725733517,2599.865759070507,39.082403028068036,67150.49,95525.2991058997,42.25555034058529
7,Dream Cake,totalValue,Croston,2246.579826513954,2598.021232202656,39.05884850333903,67150.49,95496.73278916893,42.2130095985434
7,Dream Cake,qty,Prophet,7.966404671616446,9.72326897601303,27.338531715687157,395.0,398.7382059171408,0.9463812448457766
7,Dream Cake,qty,AutoARIMA,9.954398192371713,12.339412390064101,31.66971680826252,395.0,514.6330464807372,30.286847210313223
7,Dream Cake,qty,AutoETS,9.039325384362115,11.523850291667362,29.41742751793159,395.0,499.33145363247263,26.41302623606902
7,Dream Cake,qty,Croston,9.048499884813827,11.53140396762061,29.44015411832051,395.0,499.47240732123055,26.44871071423558
8,Tiramisu Cake,totalValue,Prophet,5764.897026624609,5940.2706449245325,81.38322019969438,58747.6,133691.2613461199,127.56889021188931
8,Tiramisu Cake,totalValue,AutoARIMA,1651.8134364550972,1746.528245203369,36.403989739237204,58747.6,67968.19867680734,15.69527721440083
8,Tiramisu Cake,totalValue,AutoETS,1605.7932011208131,1782.8411582641354,35.562054760478205,58747.6,67226.87819788346,14.43340357373486
8,Tiramisu Cake,totalValue,Croston,1608.9176819872,1785.8291985209717,35.61728593643216,58747.6,67332.48565116736,14.613168284606278
8,Tiramisu Cake,qty,Prophet,21.15550011922058,22.402374152712778,65.54082880634446,310.0,585.0215015498676,88.7166134031831
8,Tiramisu Cake,qty,AutoARIMA,8.111184815887414,9.075585697294581,34.21738086127316,310.0,346.95804677699465,11.92195057322408
8,Tiramisu Cake,qty,AutoETS,8.152181109134787,9.109537552681347,34.359277275084835,310.0,348.3437214887559,12.368942415727702
8,Tiramisu Cake,qty,Croston,8.142585511777874,9.101490234515783,34.32613836711679,310.0,348.01939029809205,12.264319450997435
9,Butterscotch Cake,totalValue,Prophet,4159.79991402785,4342.118833983099,89.2500044605001,38161.399999999994,92238.79888236204,141.70706232570623
9,Butterscotch Cake,totalValue,AutoARIMA,3008.301605195995,3210.7629139210962,76.04269107054526,38161.399999999994,75773.58264485202,98.56080396644786
9,Butterscotch Cake,totalValue,AutoETS,2772.8088583432036,3077.719644801472,71.90457789684862,38161.399999999994,73624.12336909106,92.92825569578442
9,Butterscotch Cake,totalValue,Croston,2771.897972630674,3076.76554049988,71.89197702377678,38161.399999999994,73610.12885223489,92.89158377898846
9,Butterscotch Cake,qty,Prophet,23.503256517195616,25.583660169086837,70.90616934025628,327.0,632.542334723543,93.4380228512364
9,Butterscotch Cake,qty,AutoARIMA,33.647466788510926,35.446375885629394,86.09194195922872,327.0,764.4170682506422,133.76668753842267
9,Butterscotch Cake,qty,AutoETS,33.76222833855961,35.695547146019166,85.94138420993247,327.0,765.9089684012749,134.22292611659782
9,Butterscotch Cake,qty,Croston,32.29278645655864,34.30900874110963,83.98233405503272,327.0,746.8062239352623,128.38110823708328
10,Choco Vanilla Cake,totalValue,Prophet,1985.3631930628612,2255.712370664822,59.06250698764373,31694.89,57447.89456311233,81.25285988723208
10,Choco Vanilla Cake,totalValue,AutoARIMA,845.7269160756995,997.2770550509663,33.831785597470976,31694.89,39036.11097964369,23.162159514179375
10,Choco Vanilla Cake,totalValue,AutoETS,853.7352565111166,1003.8725018278454,34.08289759658293,31694.89,39186.489816708745,23.636617185637007
10,Choco Vanilla Cake,totalValue,Croston,1105.903535694452,1249.0967756072635,41.42167744761857,31694.89,43921.64972581805,38.576438428459774
10,Choco Vanilla Cake,qty,Prophet,7.197976843202772,9.501714404992365,48.96381602930352,254.0,182.69122126932416,-28.07432233491175
10,Choco Vanilla Cake,qty,AutoARIMA,11.898549203621238,19.05184045572188,54.69291264374721,254.0,265.59969972127993,4.5668109138897375
10,Choco Vanilla Cake,qty,AutoETS,12.84606583865152,14.334998676077166,53.420505500653746,254.0,419.5357280322343,65.17154646938359
10,Choco Vanilla Cake,qty,Croston,6.326820724086334,7.521599562796502,31.95155590785999,254.0,301.31895748151294,18.629510819493284
