#,Product,KIT SKU,KIT Name,Ingredient,Qty,UOM,Type
1,Almond Honey Tea Cake,KIT003,Almond Honey Tea cake (PC) — kit,Water,54,gram,INGREDIENT
1,Almond Honey Tea Cake,KIT003,Almond Honey Tea cake (PC) — kit,Honey,30.6,gram,INGREDIENT
1,Almond Honey Tea Cake,KIT003,Almond Honey Tea cake (PC) — kit,Kerry Tea Cake Premix,54,gram,INGREDIENT
1,Almond Honey Tea Cake,KIT003,Almond Honey Tea cake (PC) — kit,Almond Flour,9,gram,INGREDIENT
1,Almond Honey Tea Cake,KIT003,Almond Honey Tea cake (PC) — kit,Fresh Cream,17.7,ml,INGREDIENT
1,Almond Honey Tea Cake,KIT003,Almond Honey Tea cake (PC) — kit,Unsalted Butter,17.3,gram,INGREDIENT
1,Almond Honey Tea Cake,KIT003,Almond Honey Tea cake (PC) — kit,Sugar Breakfast,75,gram,INGREDIENT
1,Almond Honey Tea Cake,KIT003,Almond Honey Tea cake (PC) — kit,Maida,63,gram,INGREDIENT
1,Almond Honey Tea Cake,KIT003,Almond Honey Tea cake (PC) — kit,Refined Oil,54,ml,INGREDIENT
2,Almond Praline Cake (500 gm),KIT147,Sugar syrup(Hot kitchen) (50 Kg) — kit,Water,39,kg,INGREDIENT
2,Almond Praline Cake (500 gm),KIT147,Sugar syrup(Hot kitchen) (50 Kg) — kit,Lemon,400,gram,INGREDIENT
2,Almond Praline Cake (500 gm),KIT147,Sugar syrup(Hot kitchen) (50 Kg) — kit,Malta,400,gram,INGREDIENT
2,Almond Praline Cake (500 gm),KIT147,Sugar syrup(Hot kitchen) (50 Kg) — kit,Sugar,14.5,kg,INGREDIENT
2,Almond Praline Cake (500 gm),KIT147,Sugar syrup(Hot kitchen) (50 Kg) — kit,Almond Flex,100,gram,INGREDIENT
2,Almond Praline Cake (500 gm),KIT147,Sugar syrup(Hot kitchen) (50 Kg) — kit,Premix-Classic Chocolate,5,kg,INGREDIENT
2,Almond Praline Cake (500 gm),KIT147,Sugar syrup(Hot kitchen) (50 Kg) — kit,Water,5.12,kg,INGREDIENT
2,Almond Praline Cake (500 gm),KIT147,Sugar syrup(Hot kitchen) (50 Kg) — kit,Eggfree Chocolate Premix,5,kg,INGREDIENT
2,Almond Praline Cake (500 gm),KIT147,Sugar syrup(Hot kitchen) (50 Kg) — kit,Refined Oil,920,ml,INGREDIENT
2,Almond Praline Cake (500 gm),KIT147,Sugar syrup(Hot kitchen) (50 Kg) — kit,Fresh Cream,40,ltr,INGREDIENT
2,Almond Praline Cake (500 gm),KIT147,Sugar syrup(Hot kitchen) (50 Kg) — kit,Dark Compound,64,kg,INGREDIENT
2,Almond Praline Cake (500 gm),KIT147,Sugar syrup(Hot kitchen) (50 Kg) — kit,Morde Milk Chocolate M28,500,gram,INGREDIENT
2,Almond Praline Cake (500 gm),KIT147,Sugar syrup(Hot kitchen) (50 Kg) — kit,Delta Cb Paillete Feuilletine,500,gram,INGREDIENT
2,Almond Praline Cake (500 gm),KIT147,Sugar syrup(Hot kitchen) (50 Kg) — kit,Almond,444.44,gram,INGREDIENT
2,Almond Praline Cake (500 gm),KIT147,Sugar syrup(Hot kitchen) (50 Kg) — kit,Sugar,555.56,gram,INGREDIENT
2,Almond Praline Cake (500 gm),KIT147,Sugar syrup(Hot kitchen) (50 Kg) — kit,Van Houten Dark Chocolate (46.5%),2,kg,INGREDIENT
2,Almond Praline Cake (500 gm),KIT147,Sugar syrup(Hot kitchen) (50 Kg) — kit,Fresh Cream,10,ltr,INGREDIENT
2,Almond Praline Cake (500 gm),KIT147,Sugar syrup(Hot kitchen) (50 Kg) — kit,Semi - Sweet Compound,8,kg,INGREDIENT
2,Almond Praline Cake (500 gm),KIT147,Sugar syrup(Hot kitchen) (50 Kg) — kit,Refined Oil,400,ml,INGREDIENT
3,American Choco Chip Cookies,KIT006,American Choco Chip Cookies (PC) — kit,Van Houten Dark Chocolate (46.5%),400,gram,INGREDIENT
3,American Choco Chip Cookies,KIT006,American Choco Chip Cookies (PC) — kit,Unsalted Butter,220,gram,INGREDIENT
3,American Choco Chip Cookies,KIT006,American Choco Chip Cookies (PC) — kit,Vanilla Essence,10,ml,INGREDIENT
3,American Choco Chip Cookies,KIT006,American Choco Chip Cookies (PC) — kit,Corn Flour,4,gram,INGREDIENT
3,American Choco Chip Cookies,KIT006,American Choco Chip Cookies (PC) — kit,Salt,4,gram,INGREDIENT
3,American Choco Chip Cookies,KIT006,American Choco Chip Cookies (PC) — kit,Sugar Breakfast,130,gram,INGREDIENT
3,American Choco Chip Cookies,KIT006,American Choco Chip Cookies (PC) — kit,Maida,400,gram,INGREDIENT
3,American Choco Chip Cookies,KIT006,American Choco Chip Cookies (PC) — kit,Brown Sugar,220,gram,INGREDIENT
3,American Choco Chip Cookies,KIT006,American Choco Chip Cookies (PC) — kit,Baking Soda,6,gram,INGREDIENT
4,Anjeer Walnut Tea cake,KIT007,Anjeer Walnut Tea cake (PC) — kit,Water,54.45,gram,INGREDIENT
4,Anjeer Walnut Tea cake,KIT007,Anjeer Walnut Tea cake (PC) — kit,Cinnamon Powder,0.7,gram,INGREDIENT
4,Anjeer Walnut Tea cake,KIT007,Anjeer Walnut Tea cake (PC) — kit,Premix-Tea Time Vanilla,45.38,gram,INGREDIENT
4,Anjeer Walnut Tea cake,KIT007,Anjeer Walnut Tea cake (PC) — kit,Anjeer,56.2,gram,INGREDIENT
4,Anjeer Walnut Tea cake,KIT007,Anjeer Walnut Tea cake (PC) — kit,Pumpkin seeds,9.02,gram,INGREDIENT
4,Anjeer Walnut Tea cake,KIT007,Anjeer Walnut Tea cake (PC) — kit,Sugar Breakfast,54.45,gram,INGREDIENT
4,Anjeer Walnut Tea cake,KIT007,Anjeer Walnut Tea cake (PC) — kit,Maida,54.45,gram,INGREDIENT
4,Anjeer Walnut Tea cake,KIT007,Anjeer Walnut Tea cake (PC) — kit,Walnut,23.07,gram,INGREDIENT
4,Anjeer Walnut Tea cake,KIT007,Anjeer Walnut Tea cake (PC) — kit,Refined Oil,54.45,ml,INGREDIENT
4,Anjeer Walnut Tea cake,KIT007,Anjeer Walnut Tea cake (PC) — kit,Glycerine,6.81,gram,INGREDIENT
5,Apple Pie Tart (),KIT008,Apple Pie Tart(Pc) — kit,Milk,1,ml,INGREDIENT
5,Apple Pie Tart (),KIT008,Apple Pie Tart(Pc) — kit,Pista,1,gram,INGREDIENT
5,Apple Pie Tart (),KIT008,Apple Pie Tart(Pc) — kit,Glaze Neutral,2.03,gram,INGREDIENT
12,Banana And Walnut Tea Cake (Eggless),KIT009,Banana And Walnut Tea Cake(Pc) ((EGGLESS)) — kit,Water,34,gram,INGREDIENT
12,Banana And Walnut Tea Cake (Eggless),KIT009,Banana And Walnut Tea Cake(Pc) ((EGGLESS)) — kit,Cinnamon Powder,1,gram,INGREDIENT
12,Banana And Walnut Tea Cake (Eggless),KIT009,Banana And Walnut Tea Cake(Pc) ((EGGLESS)) — kit,Fresh Cream,34.9,ml,INGREDIENT
12,Banana And Walnut Tea Cake (Eggless),KIT009,Banana And Walnut Tea Cake(Pc) ((EGGLESS)) — kit,Mds All Purpose Egg Replacer Premix,10,gram,INGREDIENT
12,Banana And Walnut Tea Cake (Eggless),KIT009,Banana And Walnut Tea Cake(Pc) ((EGGLESS)) — kit,Sugar Breakfast,69,gram,INGREDIENT
12,Banana And Walnut Tea Cake (Eggless),KIT009,Banana And Walnut Tea Cake(Pc) ((EGGLESS)) — kit,Maida,84,gram,INGREDIENT
12,Banana And Walnut Tea Cake (Eggless),KIT009,Banana And Walnut Tea Cake(Pc) ((EGGLESS)) — kit,Walnut,16,gram,INGREDIENT
12,Banana And Walnut Tea Cake (Eggless),KIT009,Banana And Walnut Tea Cake(Pc) ((EGGLESS)) — kit,Baking Soda,3,gram,INGREDIENT
12,Banana And Walnut Tea Cake (Eggless),KIT009,Banana And Walnut Tea Cake(Pc) ((EGGLESS)) — kit,Cake Gel,3,gram,INGREDIENT
12,Banana And Walnut Tea Cake (Eggless),KIT009,Banana And Walnut Tea Cake(Pc) ((EGGLESS)) — kit,Refined Oil,34.78,ml,INGREDIENT
12,Banana And Walnut Tea Cake (Eggless),KIT009,Banana And Walnut Tea Cake(Pc) ((EGGLESS)) — kit,Banana,140,gram,INGREDIENT
13,Banoffee Jar Cake,KIT010,Banoffee Jar(Cf) — kit,Filling-Vanilla,183.65,gram,INGREDIENT
13,Banoffee Jar Cake,KIT010,Banoffee Jar(Cf) — kit,Glaze Neutral,3.04,gram,INGREDIENT
13,Banoffee Jar Cake,KIT010,Banoffee Jar(Cf) — kit,Rich Topping White Cream,96,gram,INGREDIENT
13,Banoffee Jar Cake,KIT010,Banoffee Jar(Cf) — kit,Banana,231,gram,INGREDIENT
13,Banoffee Jar Cake,KIT010,Banoffee Jar(Cf) — kit,Salsa Jar 200 ml (Pcs),6,count,PACKAGING
14,Basic Mango Jar Cake,KIT011,Basic Mango Jar Cake (CF) — kit,Mango Pulp Alphonso (Pcs),0.18,count,INGREDIENT
14,Basic Mango Jar Cake,KIT011,Basic Mango Jar Cake (CF) — kit,Filling-Vanilla,60.54,gram,INGREDIENT
14,Basic Mango Jar Cake,KIT011,Basic Mango Jar Cake (CF) — kit,Rich Topping White Cream,153,gram,INGREDIENT
14,Basic Mango Jar Cake,KIT011,Basic Mango Jar Cake (CF) — kit,Salsa Jar 200 ml (Pcs),6,count,PACKAGING
17,Belgian Chocolate Mousse Jar Cake,KIT014,Belgium Mousee Jar Cake(Cf) — kit,Nutella (null),31.03,gram,INGREDIENT
17,Belgian Chocolate Mousse Jar Cake,KIT014,Belgium Mousee Jar Cake(Cf) — kit,Van Houtan Milk Chocolate,30,gram,INGREDIENT
17,Belgian Chocolate Mousse Jar Cake,KIT014,Belgium Mousee Jar Cake(Cf) — kit,Choco Coated Rice Crispy-3Mm,4,gram,INGREDIENT
17,Belgian Chocolate Mousse Jar Cake,KIT014,Belgium Mousee Jar Cake(Cf) — kit,Delta Cb Paillete Feuilletine,30,gram,INGREDIENT
17,Belgian Chocolate Mousse Jar Cake,KIT014,Belgium Mousee Jar Cake(Cf) — kit,Rich Topping White Cream,222,gram,INGREDIENT
17,Belgian Chocolate Mousse Jar Cake,KIT014,Belgium Mousee Jar Cake(Cf) — kit,Salsa Jar 350 ml (Pcs),6,count,PACKAGING
18,Belgian Party Tub,KIT012,Belgian Party Tub (DR) — kit,Van Houten Dark Chocolate (46.5%),102,gram,INGREDIENT
18,Belgian Party Tub,KIT012,Belgian Party Tub (DR) — kit,Fresh Cream,69.7,ml,INGREDIENT
18,Belgian Party Tub,KIT012,Belgian Party Tub (DR) — kit,Milk,60,ml,INGREDIENT
18,Belgian Party Tub,KIT012,Belgian Party Tub (DR) — kit,Delecta Mousse Mix,60,gram,INGREDIENT
18,Belgian Party Tub,KIT012,Belgian Party Tub (DR) — kit,Vanleer Milk Compound,20,gram,INGREDIENT
18,Belgian Party Tub,KIT012,Belgian Party Tub (DR) — kit,Delta Cb Paillete Feuilletine,20,gram,INGREDIENT
18,Belgian Party Tub,KIT012,Belgian Party Tub (DR) — kit,Unsalted Butter,26,gram,INGREDIENT
18,Belgian Party Tub,KIT012,Belgian Party Tub (DR) — kit,Nutella (null),20.69,gram,INGREDIENT
18,Belgian Party Tub,KIT012,Belgian Party Tub (DR) — kit,Rich Topping White Cream,90,gram,INGREDIENT
18,Belgian Party Tub,KIT012,Belgian Party Tub (DR) — kit,Acrylic Deesert Party Box (Pcs),1,count,PACKAGING
19,Belgium Choco Mousse Cake (500 gm),KIT013,Belgium Choco Mousee Cake(Dr)  (500 GM) — kit,Van Houten Dark Chocolate (46.5%),208,gram,INGREDIENT
19,Belgium Choco Mousse Cake (500 gm),KIT013,Belgium Choco Mousee Cake(Dr)  (500 GM) — kit,Fresh Cream,141,ml,INGREDIENT
19,Belgium Choco Mousse Cake (500 gm),KIT013,Belgium Choco Mousee Cake(Dr)  (500 GM) — kit,Milk,122,ml,INGREDIENT
19,Belgium Choco Mousse Cake (500 gm),KIT013,Belgium Choco Mousee Cake(Dr)  (500 GM) — kit,Delecta Mousse Mix,122,gram,INGREDIENT
19,Belgium Choco Mousse Cake (500 gm),KIT013,Belgium Choco Mousee Cake(Dr)  (500 GM) — kit,Vanleer Milk Compound,30,gram,INGREDIENT
19,Belgium Choco Mousse Cake (500 gm),KIT013,Belgium Choco Mousee Cake(Dr)  (500 GM) — kit,Van Houtan Milk Chocolate,40,gram,INGREDIENT
19,Belgium Choco Mousse Cake (500 gm),KIT013,Belgium Choco Mousee Cake(Dr)  (500 GM) — kit,Delta Cb Paillete Feuilletine,40,gram,INGREDIENT
19,Belgium Choco Mousse Cake (500 gm),KIT013,Belgium Choco Mousee Cake(Dr)  (500 GM) — kit,Dark Compound,6,gram,INGREDIENT
19,Belgium Choco Mousse Cake (500 gm),KIT013,Belgium Choco Mousee Cake(Dr)  (500 GM) — kit,Cocoa Butter,30,gram,INGREDIENT
19,Belgium Choco Mousse Cake (500 gm),KIT013,Belgium Choco Mousee Cake(Dr)  (500 GM) — kit,Unsalted Butter,53,gram,INGREDIENT
19,Belgium Choco Mousse Cake (500 gm),KIT013,Belgium Choco Mousee Cake(Dr)  (500 GM) — kit,Nutella (null),41.38,gram,INGREDIENT
19,Belgium Choco Mousse Cake (500 gm),KIT013,Belgium Choco Mousee Cake(Dr)  (500 GM) — kit,Rich Topping White Cream,182.6,gram,INGREDIENT
19,Belgium Choco Mousse Cake (500 gm),KIT013,Belgium Choco Mousee Cake(Dr)  (500 GM) — kit,Base 1/2 kg (Pcs),2,count,PACKAGING
23,Biscoff Cheesecake Jar,KIT015,Biscoff Cheesecake Jar (DR) — kit,Biscoff Spread,120,gram,INGREDIENT
23,Biscoff Cheesecake Jar,KIT015,Biscoff Cheesecake Jar (DR) — kit,Lotus-Biscuit (Pcs),0.1,count,INGREDIENT
24,Black Forest Pastry,KIT019,Black Forest Pastry(Cf) — kit,Fresh Cream,307.7,ml,INGREDIENT
24,Black Forest Pastry,KIT019,Black Forest Pastry(Cf) — kit,White Compound,54,gram,INGREDIENT
24,Black Forest Pastry,KIT019,Black Forest Pastry(Cf) — kit,Cocoa Powder,30,gram,INGREDIENT
24,Black Forest Pastry,KIT019,Black Forest Pastry(Cf) — kit,Filling-Dark Cherry (null),888.19,gram,INGREDIENT
24,Black Forest Pastry,KIT019,Black Forest Pastry(Cf) — kit,Dark Compound,1.3,kg,INGREDIENT
24,Black Forest Pastry,KIT019,Black Forest Pastry(Cf) — kit,Rich Topping White Cream,1.01,kg,INGREDIENT
25,Blueberry & Choco Chip Cup cake (2 each),KIT120,Overloaded Choco Chip Cup Cake(Cf) — kit,Choco Chips,20,gram,INGREDIENT
25,Blueberry & Choco Chip Cup cake (2 each),KIT120,Overloaded Choco Chip Cup Cake(Cf) — kit,Filling- Blueberry Fruit (2.7 KG),81.11,gram,INGREDIENT
25,Blueberry & Choco Chip Cup cake (2 each),KIT120,Overloaded Choco Chip Cup Cake(Cf) — kit,Rich Topping White Cream,84,gram,INGREDIENT
28,Blueberry Cup Cake,KIT020,Blueberry Cup Cake(Cf) — kit,Filling- Blueberry Fruit (2.7 KG),81.11,gram,INGREDIENT
28,Blueberry Cup Cake,KIT020,Blueberry Cup Cake(Cf) — kit,Rich Topping White Cream,84,gram,INGREDIENT
29,Blueberry Jar Cake (180 ML),KIT022,Blueberry Jar Cake(Cf) — kit,Filling- Blueberry Fruit (2.7 KG),302.14,gram,INGREDIENT
29,Blueberry Jar Cake (180 ML),KIT022,Blueberry Jar Cake(Cf) — kit,Rich Topping White Cream,129,gram,INGREDIENT
29,Blueberry Jar Cake (180 ML),KIT022,Blueberry Jar Cake(Cf) — kit,Salsa Jar 200 ml (Pcs),6,count,PACKAGING
30,Blueberry Jar Cake (350 ml),KIT021,Blueberry Jar Cake (350 ml) (CF) (350 ML) — kit,Filling- Blueberry Fruit (2.7 KG),738,gram,INGREDIENT
30,Blueberry Jar Cake (350 ml),KIT021,Blueberry Jar Cake (350 ml) (CF) (350 ML) — kit,Rich Topping White Cream,504,gram,INGREDIENT
30,Blueberry Jar Cake (350 ml),KIT021,Blueberry Jar Cake (350 ml) (CF) (350 ML) — kit,Salsa Jar 350 ml (Pcs),6,count,PACKAGING
32,Buttercream Bento and Cupcake Combo (300gm),KIT023,Buttercream Bento cake (CF) — kit,Fondant-Pink,16,gram,INGREDIENT
32,Buttercream Bento and Cupcake Combo (300gm),KIT023,Buttercream Bento cake (CF) — kit,Base 1/2 kg (Pcs),1,count,PACKAGING
32,Buttercream Bento and Cupcake Combo (300gm),KIT023,Buttercream Bento cake (CF) — kit,Rich Better Cream,50,gram,INGREDIENT
32,Buttercream Bento and Cupcake Combo (300gm),KIT023,Buttercream Bento cake (CF) — kit,Unsalted Butter,50,gram,INGREDIENT
32,Buttercream Bento and Cupcake Combo (300gm),KIT023,Buttercream Bento cake (CF) — kit,Filling- Blueberry Fruit (2.7 KG),16,gram,INGREDIENT
32,Buttercream Bento and Cupcake Combo (300gm),KIT023,Buttercream Bento cake (CF) — kit,Sugar Icing,10,gram,INGREDIENT
33,Butterscotch Bento Cake,KIT133,Rich Choco Vanilla Bento Cake(Cf)  (500 GM) — kit,Delta Hot Glaze,5,gram,INGREDIENT
33,Butterscotch Bento Cake,KIT133,Rich Choco Vanilla Bento Cake(Cf)  (500 GM) — kit,Silver Balls,1,gram,INGREDIENT
33,Butterscotch Bento Cake,KIT133,Rich Choco Vanilla Bento Cake(Cf)  (500 GM) — kit,Color-Green,0.3,ml,INGREDIENT
33,Butterscotch Bento Cake,KIT133,Rich Choco Vanilla Bento Cake(Cf)  (500 GM) — kit,Color-Yellow,0.2,ml,INGREDIENT
33,Butterscotch Bento Cake,KIT133,Rich Choco Vanilla Bento Cake(Cf)  (500 GM) — kit,Filling-Caramel,10,gram,INGREDIENT
33,Butterscotch Bento Cake,KIT133,Rich Choco Vanilla Bento Cake(Cf)  (500 GM) — kit,Butterscotch Crunch,16,gram,INGREDIENT
33,Butterscotch Bento Cake,KIT133,Rich Choco Vanilla Bento Cake(Cf)  (500 GM) — kit,Rich Topping White Cream,150,gram,INGREDIENT
34,Butterscotch Cake (500 gm),KIT025,Butterscotch Cake(Cf) (500 gm) — kit,Water,61,gram,INGREDIENT
34,Butterscotch Cake (500 gm),KIT025,Butterscotch Cake(Cf) (500 gm) — kit,Vanleer Milk Compound,330,gram,INGREDIENT
34,Butterscotch Cake (500 gm),KIT025,Butterscotch Cake(Cf) (500 gm) — kit,Filling-Caramel,796.52,gram,INGREDIENT
34,Butterscotch Cake (500 gm),KIT025,Butterscotch Cake(Cf) (500 gm) — kit,Rich Topping White Cream,1.22,kg,INGREDIENT
34,Butterscotch Cake (500 gm),KIT025,Butterscotch Cake(Cf) (500 gm) — kit,Base 1/2 kg (Pcs),11,count,PACKAGING
35,Butterscotch Jar Cake (180 ml),KIT027,Butterscotch Jar Cake(Cf) — kit,Crush Butterscotch,80,gram,INGREDIENT
35,Butterscotch Jar Cake (180 ml),KIT027,Butterscotch Jar Cake(Cf) — kit,Butterscotch Crunch,20,gram,INGREDIENT
35,Butterscotch Jar Cake (180 ml),KIT027,Butterscotch Jar Cake(Cf) — kit,Rich Topping White Cream,160,gram,INGREDIENT
35,Butterscotch Jar Cake (180 ml),KIT027,Butterscotch Jar Cake(Cf) — kit,Salsa Jar 200 ml (Pcs),6,count,PACKAGING
36,Butterscotch Jar Cake (350 ml),KIT026,Butterscotch Jar Cake (350 ml) (CF) (350 ML) — kit,Butterscotch Crunch,180,gram,INGREDIENT
36,Butterscotch Jar Cake (350 ml),KIT026,Butterscotch Jar Cake (350 ml) (CF) (350 ML) — kit,Rich Topping White Cream,576,gram,INGREDIENT
36,Butterscotch Jar Cake (350 ml),KIT026,Butterscotch Jar Cake (350 ml) (CF) (350 ML) — kit,Salsa Jar 350 ml (Pcs),6,count,PACKAGING
37,Butterscotch Pastry,KIT028,Butterscotch Pastry(Cf) — kit,Water,87,gram,INGREDIENT
37,Butterscotch Pastry,KIT028,Butterscotch Pastry(Cf) — kit,Vanleer Milk Compound,160,gram,INGREDIENT
37,Butterscotch Pastry,KIT028,Butterscotch Pastry(Cf) — kit,Filling-Caramel,947.85,gram,INGREDIENT
37,Butterscotch Pastry,KIT028,Butterscotch Pastry(Cf) — kit,Butterscotch Crunch,120,gram,INGREDIENT
37,Butterscotch Pastry,KIT028,Butterscotch Pastry(Cf) — kit,Rich Topping White Cream,1.64,kg,INGREDIENT
38,Cake Pops,KIT051,Chocolate Pops — kit,Fondant-White,5,gram,INGREDIENT
38,Cake Pops,KIT051,Chocolate Pops — kit,Vanleer Milk Compound,17.5,gram,INGREDIENT
38,Cake Pops,KIT051,Chocolate Pops — kit,Dark Compound,8,gram,INGREDIENT
38,Cake Pops,KIT051,Chocolate Pops — kit,Bento Cake Base (Pcs),1,count,PACKAGING
39,Caramel Cheese Verrine Cup,KIT029,Caramel Cheese Verrine Cup(Lr) — kit,Water,5,gram,INGREDIENT
39,Caramel Cheese Verrine Cup,KIT029,Caramel Cheese Verrine Cup(Lr) — kit,Unsalted Butter,25.5,gram,INGREDIENT
39,Caramel Cheese Verrine Cup,KIT029,Caramel Cheese Verrine Cup(Lr) — kit,Fresh Cream,88.9,ml,INGREDIENT
39,Caramel Cheese Verrine Cup,KIT029,Caramel Cheese Verrine Cup(Lr) — kit,Milk Maid,26.21,gram,INGREDIENT
39,Caramel Cheese Verrine Cup,KIT029,Caramel Cheese Verrine Cup(Lr) — kit,Choco Coated Rice-8Mm,30,gram,INGREDIENT
39,Caramel Cheese Verrine Cup,KIT029,Caramel Cheese Verrine Cup(Lr) — kit,Sugar Breakfast,25.5,gram,INGREDIENT
39,Caramel Cheese Verrine Cup,KIT029,Caramel Cheese Verrine Cup(Lr) — kit,Sugar Icing,37.5,gram,INGREDIENT
39,Caramel Cheese Verrine Cup,KIT029,Caramel Cheese Verrine Cup(Lr) — kit,Delecta Cream Cheese,229.59,gram,INGREDIENT
39,Caramel Cheese Verrine Cup,KIT029,Caramel Cheese Verrine Cup(Lr) — kit,Rich Topping White Cream,79,gram,INGREDIENT
39,Caramel Cheese Verrine Cup,KIT029,Caramel Cheese Verrine Cup(Lr) — kit,Breen Cup (Pcs),6,count,PACKAGING
40,Cheesecake Party Tub,KIT032,Cheesecake Party Tub (DR) — kit,Fresh Cream,63.6,ml,INGREDIENT
40,Cheesecake Party Tub,KIT032,Cheesecake Party Tub (DR) — kit,Milk,37,ml,INGREDIENT
40,Cheesecake Party Tub,KIT032,Cheesecake Party Tub (DR) — kit,Delecta Mousse Mix,62,gram,INGREDIENT
40,Cheesecake Party Tub,KIT032,Cheesecake Party Tub (DR) — kit,Sugar Icing,31,gram,INGREDIENT
40,Cheesecake Party Tub,KIT032,Cheesecake Party Tub (DR) — kit,Delecta Cream Cheese,188.78,gram,INGREDIENT
40,Cheesecake Party Tub,KIT032,Cheesecake Party Tub (DR) — kit,Rich Topping White Cream,130,gram,INGREDIENT
40,Cheesecake Party Tub,KIT032,Cheesecake Party Tub (DR) — kit,Acrylic Deesert Party Box (Pcs),1,count,PACKAGING
41,Choco Crunch Jar Cake (180 ML),KIT034,Choco Crunch Jar Cake(Cf) — kit,Butterscotch Crunch,24,gram,INGREDIENT
41,Choco Crunch Jar Cake (180 ML),KIT034,Choco Crunch Jar Cake(Cf) — kit,Salsa Jar 200 ml (Pcs),6,count,PACKAGING
42,Choco Crunch Jar Cake (350 ml),KIT033,Choco Crunch Jar Cake (350 ml) (CF) (350 ML) — kit,Butterscotch Crunch,180,gram,INGREDIENT
42,Choco Crunch Jar Cake (350 ml),KIT033,Choco Crunch Jar Cake (350 ml) (CF) (350 ML) — kit,Salsa Jar 350 ml (Pcs),6,count,PACKAGING
43,Choco Crunch Kitkat Cake (500 gm),KIT035,Choco Crunch Kitkat Cake(Cf) (500 gm) — kit,Golden Dust (Pcs),0.2,count,INGREDIENT
43,Choco Crunch Kitkat Cake (500 gm),KIT035,Choco Crunch Kitkat Cake(Cf) (500 gm) — kit,Kitkat Bits,110,gram,INGREDIENT
43,Choco Crunch Kitkat Cake (500 gm),KIT035,Choco Crunch Kitkat Cake(Cf) (500 gm) — kit,Nestle Kitkat (MRP 10) (QR) (Pcs),11,count,INGREDIENT
43,Choco Crunch Kitkat Cake (500 gm),KIT035,Choco Crunch Kitkat Cake(Cf) (500 gm) — kit,Rich Topping White Cream,757,gram,INGREDIENT
43,Choco Crunch Kitkat Cake (500 gm),KIT035,Choco Crunch Kitkat Cake(Cf) (500 gm) — kit,Base 1/2 kg (Pcs),11,count,PACKAGING
44,Choco Lava (Pcs ),KIT036,Choco Lava(Pc) (PCS) — kit,Water,2,kg,INGREDIENT
44,Choco Lava (Pcs ),KIT036,Choco Lava(Pc) (PCS) — kit,Unsalted Butter,1.5,kg,INGREDIENT
44,Choco Lava (Pcs ),KIT036,Choco Lava(Pc) (PCS) — kit,Mds Lava Cake Premix,5,kg,INGREDIENT
44,Choco Lava (Pcs ),KIT036,Choco Lava(Pc) (PCS) — kit,Dark Compound,1.5,kg,INGREDIENT
44,Choco Lava (Pcs ),KIT036,Choco Lava(Pc) (PCS) — kit,B G9F08185 Lava cup mold (Pcs),105,count,PACKAGING
45,Choco Mud Jar Cake (180 ML),KIT038,Choco Mud Jar Cake(Cf) — kit,Rich Topping White Cream,51,gram,INGREDIENT
45,Choco Mud Jar Cake (180 ML),KIT038,Choco Mud Jar Cake(Cf) — kit,Salsa Jar 200 ml (Pcs),6,count,PACKAGING
46,Choco Mud Jar Cake (350 ml) (350 ML),KIT037,Choco Mud Jar Cake (350 ml) (CF) (350 ML) — kit,Rich Topping White Cream,103,gram,INGREDIENT
46,Choco Mud Jar Cake (350 ml) (350 ML),KIT037,Choco Mud Jar Cake (350 ml) (CF) (350 ML) — kit,Salsa Jar 350 ml (Pcs),6,count,PACKAGING
48,Choco Truffle Cake (500 gm),KIT039,Choco Truffle Cake(Cf) (500 gm) — kit,Hide and Seek-100gm (Pcs),0.33,count,INGREDIENT
48,Choco Truffle Cake (500 gm),KIT039,Choco Truffle Cake(Cf) (500 gm) — kit,Glaze Cocoa,19.71,gram,INGREDIENT
48,Choco Truffle Cake (500 gm),KIT039,Choco Truffle Cake(Cf) (500 gm) — kit,Choco Coated Rice Crispy-3Mm,6,gram,INGREDIENT
48,Choco Truffle Cake (500 gm),KIT039,Choco Truffle Cake(Cf) (500 gm) — kit,White Glaze (null),40.88,gram,INGREDIENT
48,Choco Truffle Cake (500 gm),KIT039,Choco Truffle Cake(Cf) (500 gm) — kit,Color-Orange,0.02,ml,INGREDIENT
48,Choco Truffle Cake (500 gm),KIT039,Choco Truffle Cake(Cf) (500 gm) — kit,Base 1/2 kg (Pcs),11,count,PACKAGING
49,Choco Truffle Pastry,KIT040,Choco Truffle Pastry (Cf) — kit,Golden Dust (Pcs),0.01,count,INGREDIENT
49,Choco Truffle Pastry,KIT040,Choco Truffle Pastry (Cf) — kit,Vanleer Milk Compound,80,gram,INGREDIENT
49,Choco Truffle Pastry,KIT040,Choco Truffle Pastry (Cf) — kit,Choco Coated Rice Crispy-3Mm,54,gram,INGREDIENT
49,Choco Truffle Pastry,KIT040,Choco Truffle Pastry (Cf) — kit,Glaze Cocoa,11.2,gram,INGREDIENT
49,Choco Truffle Pastry,KIT040,Choco Truffle Pastry (Cf) — kit,White Glaze (null),31.7,gram,INGREDIENT
50,Choco Vanilla Cake (6 KG),KIT041,Choco Vanilla Cake(Cf) (500 gm) — kit,Rich Topping White Cream,1.23,kg,INGREDIENT
50,Choco Vanilla Cake (6 KG),KIT041,Choco Vanilla Cake(Cf) (500 gm) — kit,Base 1/2 kg (Pcs),11,count,PACKAGING
51,Chocolate Bento Cake,KIT042,Chocolate Bento Cake ( CF) — kit,Rich Topping White Cream,80,gram,INGREDIENT
52,Chocolate Berry Bento Cake,KIT043,Chocolate Berry Bento Cake (CF) — kit,Raspberry Chocolate,5,gram,INGREDIENT
52,Chocolate Berry Bento Cake,KIT043,Chocolate Berry Bento Cake (CF) — kit,Topfill Strawberry,31.09,gram,INGREDIENT
52,Chocolate Berry Bento Cake,KIT043,Chocolate Berry Bento Cake (CF) — kit,Rich Topping White Cream,40,gram,INGREDIENT
52,Chocolate Berry Bento Cake,KIT043,Chocolate Berry Bento Cake (CF) — kit,Bento Cake Base (Pcs),1,count,PACKAGING
53,Chocolate Berry Cake,KIT044,Chocolate Berry Mousse Cake — kit,Raspberry Chocolate,7,gram,INGREDIENT
53,Chocolate Berry Cake,KIT044,Chocolate Berry Mousse Cake — kit,Van Houten Dark Chocolate (46.5%),109,gram,INGREDIENT
53,Chocolate Berry Cake,KIT044,Chocolate Berry Mousse Cake — kit,Milk,62,ml,INGREDIENT
53,Chocolate Berry Cake,KIT044,Chocolate Berry Mousse Cake — kit,Fresh Cream,70,ml,INGREDIENT
53,Chocolate Berry Cake,KIT044,Chocolate Berry Mousse Cake — kit,Delta Fruit Of Forest Iqf,60,gram,INGREDIENT
53,Chocolate Berry Cake,KIT044,Chocolate Berry Mousse Cake — kit,Delecta Mousse Mix,62,gram,INGREDIENT
53,Chocolate Berry Cake,KIT044,Chocolate Berry Mousse Cake — kit,Van Houtan Milk Chocolate,28,gram,INGREDIENT
53,Chocolate Berry Cake,KIT044,Chocolate Berry Mousse Cake — kit,Delta Cb Paillete Feuilletine,20,gram,INGREDIENT
53,Chocolate Berry Cake,KIT044,Chocolate Berry Mousse Cake — kit,Cocoa Butter,7,gram,INGREDIENT
53,Chocolate Berry Cake,KIT044,Chocolate Berry Mousse Cake — kit,Unsalted Butter,26,gram,INGREDIENT
53,Chocolate Berry Cake,KIT044,Chocolate Berry Mousse Cake — kit,Nutella (null),20,gram,INGREDIENT
53,Chocolate Berry Cake,KIT044,Chocolate Berry Mousse Cake — kit,Rich Topping White Cream,94,gram,INGREDIENT
53,Chocolate Berry Cake,KIT044,Chocolate Berry Mousse Cake — kit,Base 1/2 kg (Pcs),1,count,PACKAGING
54,Chocolate Chip Cake (500 gm),KIT045,Chocolate Chip Cake(Cf) — kit,White Compound,66,gram,INGREDIENT
54,Chocolate Chip Cake (500 gm),KIT045,Chocolate Chip Cake(Cf) — kit,Choco Chips,770,gram,INGREDIENT
54,Chocolate Chip Cake (500 gm),KIT045,Chocolate Chip Cake(Cf) — kit,Glaze Neutral,33,gram,INGREDIENT
54,Chocolate Chip Cake (500 gm),KIT045,Chocolate Chip Cake(Cf) — kit,Dark Compound,11,gram,INGREDIENT
54,Chocolate Chip Cake (500 gm),KIT045,Chocolate Chip Cake(Cf) — kit,Rich Topping White Cream,110,gram,INGREDIENT
54,Chocolate Chip Cake (500 gm),KIT045,Chocolate Chip Cake(Cf) — kit,Base 1/2 kg (Pcs),11,count,PACKAGING
55,Chocolate Chip Pastry,KIT046,Chocolate Chip Pastry(Cf) — kit,Choco Chips,81,gram,INGREDIENT
55,Chocolate Chip Pastry,KIT046,Chocolate Chip Pastry(Cf) — kit,Glaze Neutral,120.49,gram,INGREDIENT
55,Chocolate Chip Pastry,KIT046,Chocolate Chip Pastry(Cf) — kit,Rich Topping White Cream,684,gram,INGREDIENT
56,Chocolate Hazelnut Caramel Jar Cake,KIT047,Chocolate Hazelnut Caramel Jar(Cf) — kit,Hazelnuts,17,gram,INGREDIENT
56,Chocolate Hazelnut Caramel Jar Cake,KIT047,Chocolate Hazelnut Caramel Jar(Cf) — kit,Salsa Jar 200 ml (Pcs),6,count,PACKAGING
57,Chocolate Jar Cake (180 ML),KIT049,Chocolate Jar Cake(Cf) — kit,Dark Compound,2,gram,INGREDIENT
57,Chocolate Jar Cake (180 ML),KIT049,Chocolate Jar Cake(Cf) — kit,Salsa Jar 200 ml (Pcs),6,count,PACKAGING
58,Chocolate Jar Cake (350 ml) (350 ML),KIT048,Chocolate Jar Cake (350 Ml) (Cf) (350 ML) — kit,Dark Compound,2,gram,INGREDIENT
58,Chocolate Jar Cake (350 ml) (350 ML),KIT048,Chocolate Jar Cake (350 Ml) (Cf) (350 ML) — kit,Salsa Jar 350 ml (Pcs),6,count,PACKAGING
59,Chocolate Sugar Free Cake,KIT052,Chocolate Sugar Free Cake (DR) — kit,Almond Flex,18.25,gram,INGREDIENT
59,Chocolate Sugar Free Cake,KIT052,Chocolate Sugar Free Cake (DR) — kit,Cornflex,26.25,gram,INGREDIENT
59,Chocolate Sugar Free Cake,KIT052,Chocolate Sugar Free Cake (DR) — kit,Sugar free Dark Compound,37.5,gram,INGREDIENT
59,Chocolate Sugar Free Cake,KIT052,Chocolate Sugar Free Cake (DR) — kit,Base 1/2 kg (Pcs),1,count,PACKAGING
61,Coconut Tres Leches,KIT053,Coconut Tres Leches(Cf) — kit,Coconut Milk Powder,10,gram,INGREDIENT
61,Coconut Tres Leches,KIT053,Coconut Tres Leches(Cf) — kit,Fresh Cream,33,ml,INGREDIENT
61,Coconut Tres Leches,KIT053,Coconut Tres Leches(Cf) — kit,Milk,83,ml,INGREDIENT
61,Coconut Tres Leches,KIT053,Coconut Tres Leches(Cf) — kit,Rich Wilber 35% Dairy Cream,5.2,gram,INGREDIENT
61,Coconut Tres Leches,KIT053,Coconut Tres Leches(Cf) — kit,Milk Maid,17,gram,INGREDIENT
61,Coconut Tres Leches,KIT053,Coconut Tres Leches(Cf) — kit,Sugar,3,gram,INGREDIENT
61,Coconut Tres Leches,KIT053,Coconut Tres Leches(Cf) — kit,Rich Topping White Cream,5.2,gram,INGREDIENT
61,Coconut Tres Leches,KIT053,Coconut Tres Leches(Cf) — kit,Acrylic Dessert Cup 95*95*62 (Pcs),1,count,PACKAGING
62,Coffee Cup Cake,KIT054,Coffee Cup Cake(Cf) — kit,Nescafe Classic,12,gram,INGREDIENT
62,Coffee Cup Cake,KIT054,Coffee Cup Cake(Cf) — kit,Dark Compound,16,gram,INGREDIENT
62,Coffee Cup Cake,KIT054,Coffee Cup Cake(Cf) — kit,Rich Topping White Cream,114,gram,INGREDIENT
63,Coffee Milk Chocolate Tub,KIT055,Coffee Milk Chocolate Tub (DR) — kit,Fresh Cream,11.8,ml,INGREDIENT
63,Coffee Milk Chocolate Tub,KIT055,Coffee Milk Chocolate Tub (DR) — kit,Milk Cake,30,gram,INGREDIENT
63,Coffee Milk Chocolate Tub,KIT055,Coffee Milk Chocolate Tub (DR) — kit,Van Houtan Milk Chocolate,17.7,gram,INGREDIENT
63,Coffee Milk Chocolate Tub,KIT055,Coffee Milk Chocolate Tub (DR) — kit,Nescafe Classic,1,gram,INGREDIENT
63,Coffee Milk Chocolate Tub,KIT055,Coffee Milk Chocolate Tub (DR) — kit,Glaze Neutral,2,gram,INGREDIENT
63,Coffee Milk Chocolate Tub,KIT055,Coffee Milk Chocolate Tub (DR) — kit,Rich Topping White Cream,20,gram,INGREDIENT
63,Coffee Milk Chocolate Tub,KIT055,Coffee Milk Chocolate Tub (DR) — kit,Crystal Box (Pcs),1,count,PACKAGING
65,Crunchy Biscuit Cheesecake Slice,KIT056,Crunchy Biscuit Cheesecake Slice(Dr) — kit,Biscuit Crunch,100,gram,INGREDIENT
67,Dense Loaf Tea Cake (300 gm),KIT058,Dense Loaf Tea Cake(Pc) (300 GM) — kit,Premix-Chocolate Tea Cake,161.02,gram,INGREDIENT
67,Dense Loaf Tea Cake (300 gm),KIT058,Dense Loaf Tea Cake(Pc) (300 GM) — kit,Van Houten Dark Chocolate (46.5%),106.3,gram,INGREDIENT
67,Dense Loaf Tea Cake (300 gm),KIT058,Dense Loaf Tea Cake(Pc) (300 GM) — kit,Unsalted Butter,41,gram,INGREDIENT
67,Dense Loaf Tea Cake (300 gm),KIT058,Dense Loaf Tea Cake(Pc) (300 GM) — kit,Milk,64.4,ml,INGREDIENT
67,Dense Loaf Tea Cake (300 gm),KIT058,Dense Loaf Tea Cake(Pc) (300 GM) — kit,Refined Oil,8,ml,INGREDIENT
69,Doughnut (Pack of 6),KIT059,Doughnut — kit,Color-Pink,0.02,ml,INGREDIENT
69,Doughnut (Pack of 6),KIT059,Doughnut — kit,White Compound,30,gram,INGREDIENT
69,Doughnut (Pack of 6),KIT059,Doughnut — kit,Vanleer Milk Compound,38,gram,INGREDIENT
69,Doughnut (Pack of 6),KIT059,Doughnut — kit,Dark Compound,32,gram,INGREDIENT
69,Doughnut (Pack of 6),KIT059,Doughnut — kit,Color-Purple,0.02,ml,INGREDIENT
70,Dream Cake (500 gm),KIT060,Dream Cake(Cf)  (500 GM) — kit,Vanleer Milk Compound,50,gram,INGREDIENT
70,Dream Cake (500 gm),KIT060,Dream Cake(Cf)  (500 GM) — kit,Cocoa Powder,5,gram,INGREDIENT
70,Dream Cake (500 gm),KIT060,Dream Cake(Cf)  (500 GM) — kit,Rich Topping White Cream,106,gram,INGREDIENT
70,Dream Cake (500 gm),KIT060,Dream Cake(Cf)  (500 GM) — kit,Bakingo Plum Cake (400 gm) Tin Box (Pcs),1,count,PACKAGING
71,Dubai Kunafa Dream Cake,KIT061,Dubai Kunafa Dream Cake (DR) — kit,Water,50,gram,INGREDIENT
71,Dubai Kunafa Dream Cake,KIT061,Dubai Kunafa Dream Cake (DR) — kit,Golden Dust (Pcs),0,count,INGREDIENT
71,Dubai Kunafa Dream Cake,KIT061,Dubai Kunafa Dream Cake (DR) — kit,Fresh Cream,28.2,ml,INGREDIENT
71,Dubai Kunafa Dream Cake,KIT061,Dubai Kunafa Dream Cake (DR) — kit,Kunafa Dough,60.5,gram,INGREDIENT
71,Dubai Kunafa Dream Cake,KIT061,Dubai Kunafa Dream Cake (DR) — kit,Corn Flour,3.75,gram,INGREDIENT
71,Dubai Kunafa Dream Cake,KIT061,Dubai Kunafa Dream Cake (DR) — kit,Vanleer Milk Compound,44,gram,INGREDIENT
71,Dubai Kunafa Dream Cake,KIT061,Dubai Kunafa Dream Cake (DR) — kit,Milk Powder,5,gram,INGREDIENT
71,Dubai Kunafa Dream Cake,KIT061,Dubai Kunafa Dream Cake (DR) — kit,Sugar Icing,12.5,gram,INGREDIENT
71,Dubai Kunafa Dream Cake,KIT061,Dubai Kunafa Dream Cake (DR) — kit,Dark Compound,77.5,gram,INGREDIENT
71,Dubai Kunafa Dream Cake,KIT061,Dubai Kunafa Dream Cake (DR) — kit,Pistachio Paste,70.5,gram,INGREDIENT
71,Dubai Kunafa Dream Cake,KIT061,Dubai Kunafa Dream Cake (DR) — kit,Milk Maid,17.99,gram,INGREDIENT
71,Dubai Kunafa Dream Cake,KIT061,Dubai Kunafa Dream Cake (DR) — kit,Pista,4.75,gram,INGREDIENT
71,Dubai Kunafa Dream Cake,KIT061,Dubai Kunafa Dream Cake (DR) — kit,Delecta Cream Cheese,25.51,gram,INGREDIENT
71,Dubai Kunafa Dream Cake,KIT061,Dubai Kunafa Dream Cake (DR) — kit,Bakingo Plum Cake (400 gm) Tin Box (Pcs),1,count,PACKAGING
72,Eggless Almond Chocolate Barks (100g),KIT001,Almond Chocolate Caramel Bark(CF) — kit,Unsalted Butter,6.18,gram,INGREDIENT
72,Eggless Almond Chocolate Barks (100g),KIT001,Almond Chocolate Caramel Bark(CF) — kit,Salt,0.53,gram,INGREDIENT
72,Eggless Almond Chocolate Barks (100g),KIT001,Almond Chocolate Caramel Bark(CF) — kit,Sugar Breakfast,26.88,gram,INGREDIENT
72,Eggless Almond Chocolate Barks (100g),KIT001,Almond Chocolate Caramel Bark(CF) — kit,Almond-Small Diced,26.88,gram,INGREDIENT
72,Eggless Almond Chocolate Barks (100g),KIT001,Almond Chocolate Caramel Bark(CF) — kit,Dark Compound,47,gram,INGREDIENT
73,Eggless Choco Praline Box (9 Pieces),KIT075,Hazelnut Praline Sweets — kit,Salt,2,gram,INGREDIENT
73,Eggless Choco Praline Box (9 Pieces),KIT075,Hazelnut Praline Sweets — kit,Vanleer Milk Compound,1.84,kg,INGREDIENT
73,Eggless Choco Praline Box (9 Pieces),KIT075,Hazelnut Praline Sweets — kit,Delta Cb Paillete Feuilletine,125,gram,INGREDIENT
73,Eggless Choco Praline Box (9 Pieces),KIT075,Hazelnut Praline Sweets — kit,Hazelnuts,1.12,kg,INGREDIENT
73,Eggless Choco Praline Box (9 Pieces),KIT075,Hazelnut Praline Sweets — kit,Dark Compound,125,gram,INGREDIENT
73,Eggless Choco Praline Box (9 Pieces),KIT075,Hazelnut Praline Sweets — kit,Refined Oil,100,ml,INGREDIENT
73,Eggless Choco Praline Box (9 Pieces),KIT075,Hazelnut Praline Sweets — kit,Salt,2,gram,INGREDIENT
73,Eggless Choco Praline Box (9 Pieces),KIT075,Hazelnut Praline Sweets — kit,Vanleer Milk Compound,1.59,kg,INGREDIENT
73,Eggless Choco Praline Box (9 Pieces),KIT075,Hazelnut Praline Sweets — kit,Almond,1.12,kg,INGREDIENT
73,Eggless Choco Praline Box (9 Pieces),KIT075,Hazelnut Praline Sweets — kit,Delta Cb Paillete Feuilletine,125,gram,INGREDIENT
73,Eggless Choco Praline Box (9 Pieces),KIT075,Hazelnut Praline Sweets — kit,Dark Compound,375,gram,INGREDIENT
73,Eggless Choco Praline Box (9 Pieces),KIT075,Hazelnut Praline Sweets — kit,Refined Oil,100,ml,INGREDIENT
73,Eggless Choco Praline Box (9 Pieces),KIT075,Hazelnut Praline Sweets — kit,Raspberry Chocolate,575,gram,INGREDIENT
73,Eggless Choco Praline Box (9 Pieces),KIT075,Hazelnut Praline Sweets — kit,White Compound,1.29,kg,INGREDIENT
73,Eggless Choco Praline Box (9 Pieces),KIT075,Hazelnut Praline Sweets — kit,Cashew Butter,1.25,kg,INGREDIENT
73,Eggless Choco Praline Box (9 Pieces),KIT075,Hazelnut Praline Sweets — kit,Refined Oil,100,ml,INGREDIENT
74,Eggless Kitkat Brownie,KIT062,Eggless Kitkat Brownie — kit,Kitkat Bits,270,gram,INGREDIENT
74,Eggless Kitkat Brownie,KIT062,Eggless Kitkat Brownie — kit,Delta Cb Paillete Feuilletine,270,gram,INGREDIENT
74,Eggless Kitkat Brownie,KIT062,Eggless Kitkat Brownie — kit,Dark Compound,540,gram,INGREDIENT
75,Eggless Milk Chocolate Cake (500 gm),KIT063,Eggless Milk Chocolate Cake (500gm) (CF) — kit,Vanleer Milk Compound,10,gram,INGREDIENT
75,Eggless Milk Chocolate Cake (500 gm),KIT063,Eggless Milk Chocolate Cake (500gm) (CF) — kit,Rich Topping White Cream,13,gram,INGREDIENT
75,Eggless Milk Chocolate Cake (500 gm),KIT063,Eggless Milk Chocolate Cake (500gm) (CF) — kit,Base 1/2 kg (Pcs),1,count,PACKAGING
76,Father'S Day Chocolate Raspberry Cake (500 gm),KIT064,Fathers Day Chocolate Raspberry Cake(Cf)  (500 GM) — kit,Unsalted Butter,72,gram,INGREDIENT
76,Father'S Day Chocolate Raspberry Cake (500 gm),KIT064,Fathers Day Chocolate Raspberry Cake(Cf)  (500 GM) — kit,Rich Better Cream,72,gram,INGREDIENT
76,Father'S Day Chocolate Raspberry Cake (500 gm),KIT064,Fathers Day Chocolate Raspberry Cake(Cf)  (500 GM) — kit,Vanleer Milk Compound,8,gram,INGREDIENT
76,Father'S Day Chocolate Raspberry Cake (500 gm),KIT064,Fathers Day Chocolate Raspberry Cake(Cf)  (500 GM) — kit,Sugar Icing,7.2,gram,INGREDIENT
76,Father'S Day Chocolate Raspberry Cake (500 gm),KIT064,Fathers Day Chocolate Raspberry Cake(Cf)  (500 GM) — kit,Base 1/2 kg (Pcs),1,count,PACKAGING
77,Ferrero Rocher Cake (500 gm),KIT065,Ferrero Rocher Cake(Cf) (500 GM) — kit,Ferrero Rocher T16 (QR) (Pcs),0.68,count,INGREDIENT
77,Ferrero Rocher Cake (500 gm),KIT065,Ferrero Rocher Cake(Cf) (500 GM) — kit,Hazelnuts,308,gram,INGREDIENT
77,Ferrero Rocher Cake (500 gm),KIT065,Ferrero Rocher Cake(Cf) (500 GM) — kit,Base 1/2 kg (Pcs),11,count,PACKAGING
78,Filter Coffee Verrine Cup,KIT067,Filter Coffee Mousse — kit,Filter Coffee (),120,gram,INGREDIENT
78,Filter Coffee Verrine Cup,KIT067,Filter Coffee Mousse — kit,Fresh Cream,150,ml,INGREDIENT
78,Filter Coffee Verrine Cup,KIT067,Filter Coffee Mousse — kit,Choco Coated Rice-8Mm,15,gram,INGREDIENT
78,Filter Coffee Verrine Cup,KIT067,Filter Coffee Mousse — kit,Rich Topping White Cream,127,gram,INGREDIENT
78,Filter Coffee Verrine Cup,KIT067,Filter Coffee Mousse — kit,Breen Cup (Pcs),6,count,PACKAGING
79,Flower Shaped Dessert,KIT068,Flower Shaped Dessert (DR) — kit,Strawberry Compound,25.1,gram,INGREDIENT
79,Flower Shaped Dessert,KIT068,Flower Shaped Dessert (DR) — kit,Raspberry Chocolate,12,gram,INGREDIENT
79,Flower Shaped Dessert,KIT068,Flower Shaped Dessert (DR) — kit,Fresh Cream,15.3,ml,INGREDIENT
79,Flower Shaped Dessert,KIT068,Flower Shaped Dessert (DR) — kit,Milk,8.53,ml,INGREDIENT
79,Flower Shaped Dessert,KIT068,Flower Shaped Dessert (DR) — kit,Gel Color-Rasbhari Red (20 Ml),0.01,count,INGREDIENT
79,Flower Shaped Dessert,KIT068,Flower Shaped Dessert (DR) — kit,Delecta Mousse Mix,5.77,gram,INGREDIENT
79,Flower Shaped Dessert,KIT068,Flower Shaped Dessert (DR) — kit,Vanleer Milk Compound,2.5,gram,INGREDIENT
79,Flower Shaped Dessert,KIT068,Flower Shaped Dessert (DR) — kit,Delta Cb Paillete Feuilletine,2.5,gram,INGREDIENT
79,Flower Shaped Dessert,KIT068,Flower Shaped Dessert (DR) — kit,Refined Oil,5,ml,INGREDIENT
79,Flower Shaped Dessert,KIT068,Flower Shaped Dessert (DR) — kit,Unsalted Butter,2.5,gram,INGREDIENT
79,Flower Shaped Dessert,KIT068,Flower Shaped Dessert (DR) — kit,Pista,4,gram,INGREDIENT
79,Flower Shaped Dessert,KIT068,Flower Shaped Dessert (DR) — kit,Sugar Breakfast,4,gram,INGREDIENT
79,Flower Shaped Dessert,KIT068,Flower Shaped Dessert (DR) — kit,Glaze Neutral,2,gram,INGREDIENT
79,Flower Shaped Dessert,KIT068,Flower Shaped Dessert (DR) — kit,Rich Topping White Cream,23,gram,INGREDIENT
79,Flower Shaped Dessert,KIT068,Flower Shaped Dessert (DR) — kit,Tart Base with Lid (Pcs),1,count,PACKAGING
80,Fresh Fruit Cake (500 gm),KIT069,Fresh Fruit Cake(Cf) (500 gm) — kit,Kiwi (Pcs),0.35,count,INGREDIENT
80,Fresh Fruit Cake (500 gm),KIT069,Fresh Fruit Cake(Cf) (500 gm) — kit,Dragon Fruit (Pcs),0.12,count,INGREDIENT
80,Fresh Fruit Cake (500 gm),KIT069,Fresh Fruit Cake(Cf) (500 gm) — kit,Orange,27,gram,INGREDIENT
80,Fresh Fruit Cake (500 gm),KIT069,Fresh Fruit Cake(Cf) (500 gm) — kit,Green Grapes,20,gram,INGREDIENT
80,Fresh Fruit Cake (500 gm),KIT069,Fresh Fruit Cake(Cf) (500 gm) — kit,Black Grapes,20,gram,INGREDIENT
80,Fresh Fruit Cake (500 gm),KIT069,Fresh Fruit Cake(Cf) (500 gm) — kit,Glaze Neutral,25.35,gram,INGREDIENT
80,Fresh Fruit Cake (500 gm),KIT069,Fresh Fruit Cake(Cf) (500 gm) — kit,Red Cherry (Pcs),0.05,count,INGREDIENT
80,Fresh Fruit Cake (500 gm),KIT069,Fresh Fruit Cake(Cf) (500 gm) — kit,Rich Topping White Cream,87,gram,INGREDIENT
80,Fresh Fruit Cake (500 gm),KIT069,Fresh Fruit Cake(Cf) (500 gm) — kit,Apple,70,gram,INGREDIENT
80,Fresh Fruit Cake (500 gm),KIT069,Fresh Fruit Cake(Cf) (500 gm) — kit,Base 1/2 kg (Pcs),1,count,PACKAGING
81,Friendship day Special Cake (500 gm),KIT070,Friendship Day Special Cake(Cf)  (500 GM) — kit,Water,297,gram,INGREDIENT
81,Friendship day Special Cake (500 gm),KIT070,Friendship Day Special Cake(Cf)  (500 GM) — kit,Filter Coffee (),44,gram,INGREDIENT
81,Friendship day Special Cake (500 gm),KIT070,Friendship Day Special Cake(Cf)  (500 GM) — kit,Fresh Cream,534.6,ml,INGREDIENT
81,Friendship day Special Cake (500 gm),KIT070,Friendship Day Special Cake(Cf)  (500 GM) — kit,White Compound,220,gram,INGREDIENT
81,Friendship day Special Cake (500 gm),KIT070,Friendship Day Special Cake(Cf)  (500 GM) — kit,Semi - Sweet Compound,319,gram,INGREDIENT
81,Friendship day Special Cake (500 gm),KIT070,Friendship Day Special Cake(Cf)  (500 GM) — kit,Dark Compound,220,gram,INGREDIENT
81,Friendship day Special Cake (500 gm),KIT070,Friendship Day Special Cake(Cf)  (500 GM) — kit,Fondant-White,88,gram,INGREDIENT
81,Friendship day Special Cake (500 gm),KIT070,Friendship Day Special Cake(Cf)  (500 GM) — kit,Unsalted Butter,33,gram,INGREDIENT
81,Friendship day Special Cake (500 gm),KIT070,Friendship Day Special Cake(Cf)  (500 GM) — kit,Fondant-Black,88,gram,INGREDIENT
81,Friendship day Special Cake (500 gm),KIT070,Friendship Day Special Cake(Cf)  (500 GM) — kit,Nescafe Classic,11,gram,INGREDIENT
81,Friendship day Special Cake (500 gm),KIT070,Friendship Day Special Cake(Cf)  (500 GM) — kit,Sugar,88,gram,INGREDIENT
81,Friendship day Special Cake (500 gm),KIT070,Friendship Day Special Cake(Cf)  (500 GM) — kit,Rich Topping White Cream,1.1,kg,INGREDIENT
81,Friendship day Special Cake (500 gm),KIT070,Friendship Day Special Cake(Cf)  (500 GM) — kit,Base 1/2 kg (Pcs),11,count,PACKAGING
82,Fruit Nut And Cranberry Tea Cake (300 gm),KIT071,Fruit Nut And Cranberry Tea Cake(Pc) (300 GM) — kit,Whole Wheat Premix,156,gram,INGREDIENT
82,Fruit Nut And Cranberry Tea Cake (300 gm),KIT071,Fruit Nut And Cranberry Tea Cake(Pc) (300 GM) — kit,Water,100,gram,INGREDIENT
82,Fruit Nut And Cranberry Tea Cake (300 gm),KIT071,Fruit Nut And Cranberry Tea Cake(Pc) (300 GM) — kit,Kishmish,17,gram,INGREDIENT
82,Fruit Nut And Cranberry Tea Cake (300 gm),KIT071,Fruit Nut And Cranberry Tea Cake(Pc) (300 GM) — kit,Mds Eggless Mawa Cake Premix,17,gram,INGREDIENT
82,Fruit Nut And Cranberry Tea Cake (300 gm),KIT071,Fruit Nut And Cranberry Tea Cake(Pc) (300 GM) — kit,Pista,6,gram,INGREDIENT
82,Fruit Nut And Cranberry Tea Cake (300 gm),KIT071,Fruit Nut And Cranberry Tea Cake(Pc) (300 GM) — kit,Cashew,6,gram,INGREDIENT
82,Fruit Nut And Cranberry Tea Cake (300 gm),KIT071,Fruit Nut And Cranberry Tea Cake(Pc) (300 GM) — kit,Almond,6,gram,INGREDIENT
82,Fruit Nut And Cranberry Tea Cake (300 gm),KIT071,Fruit Nut And Cranberry Tea Cake(Pc) (300 GM) — kit,Craneberry,6,gram,INGREDIENT
82,Fruit Nut And Cranberry Tea Cake (300 gm),KIT071,Fruit Nut And Cranberry Tea Cake(Pc) (300 GM) — kit,Refined Oil,52,ml,INGREDIENT
83,German Black Forest Cake (500 gm),KIT072,German Black Forest Cake (CF) (500 GM) — kit,Vanleer Milk Compound,110,gram,INGREDIENT
83,German Black Forest Cake (500 gm),KIT072,German Black Forest Cake (CF) (500 GM) — kit,Cocoa Powder,11,gram,INGREDIENT
83,German Black Forest Cake (500 gm),KIT072,German Black Forest Cake (CF) (500 GM) — kit,Glaze Neutral,27.38,gram,INGREDIENT
83,German Black Forest Cake (500 gm),KIT072,German Black Forest Cake (CF) (500 GM) — kit,Dark Compound,110,gram,INGREDIENT
83,German Black Forest Cake (500 gm),KIT072,German Black Forest Cake (CF) (500 GM) — kit,Rich Topping White Cream,1.12,kg,INGREDIENT
83,German Black Forest Cake (500 gm),KIT072,German Black Forest Cake (CF) (500 GM) — kit,Base 1/2 kg (Pcs),11,count,PACKAGING
84,German Black Forest Cake (New) (500 gm),KIT018,Black Forest Cake(Cf) (500 gm) — kit,Fresh Cream,127.2,ml,INGREDIENT
84,German Black Forest Cake (New) (500 gm),KIT018,Black Forest Cake(Cf) (500 gm) — kit,Cocoa Powder,22,gram,INGREDIENT
84,German Black Forest Cake (New) (500 gm),KIT018,Black Forest Cake(Cf) (500 gm) — kit,Filling-Dark Cherry (null),229.34,gram,INGREDIENT
84,German Black Forest Cake (New) (500 gm),KIT018,Black Forest Cake(Cf) (500 gm) — kit,Dark Compound,770,gram,INGREDIENT
84,German Black Forest Cake (New) (500 gm),KIT018,Black Forest Cake(Cf) (500 gm) — kit,Rich Topping White Cream,395,gram,INGREDIENT
84,German Black Forest Cake (New) (500 gm),KIT018,Black Forest Cake(Cf) (500 gm) — kit,Base 1/2 kg (Pcs),11,count,PACKAGING
85,Gujiya Tart,KIT073,Gujiya Tart (PC) — kit,Fresh Cream,20,ml,INGREDIENT
85,Gujiya Tart,KIT073,Gujiya Tart (PC) — kit,Milk Maid,40,gram,INGREDIENT
85,Gujiya Tart,KIT073,Gujiya Tart (PC) — kit,Pista,2,gram,INGREDIENT
85,Gujiya Tart,KIT073,Gujiya Tart (PC) — kit,Khoya,13,gram,INGREDIENT
85,Gujiya Tart,KIT073,Gujiya Tart (PC) — kit,Glaze Neutral,2,gram,INGREDIENT
85,Gujiya Tart,KIT073,Gujiya Tart (PC) — kit,Elaichi Powder,0.65,gram,INGREDIENT
85,Gujiya Tart,KIT073,Gujiya Tart (PC) — kit,Tart Base with Lid (Pcs),1,count,PACKAGING
86,Hazelnut Chocolate Cake (500 gm),KIT074,Hazelnut Chocolate Cake(Cf)  (500 GM) — kit,Fresh Cream,63.6,ml,INGREDIENT
86,Hazelnut Chocolate Cake (500 gm),KIT074,Hazelnut Chocolate Cake(Cf)  (500 GM) — kit,Glucose,2,ml,INGREDIENT
86,Hazelnut Chocolate Cake (500 gm),KIT074,Hazelnut Chocolate Cake(Cf)  (500 GM) — kit,Semi - Sweet Compound,40,gram,INGREDIENT
86,Hazelnut Chocolate Cake (500 gm),KIT074,Hazelnut Chocolate Cake(Cf)  (500 GM) — kit,Vanleer Milk Compound,17,gram,INGREDIENT
86,Hazelnut Chocolate Cake (500 gm),KIT074,Hazelnut Chocolate Cake(Cf)  (500 GM) — kit,Cel Choco Hazelnut Spreadb1009,50,gram,INGREDIENT
86,Hazelnut Chocolate Cake (500 gm),KIT074,Hazelnut Chocolate Cake(Cf)  (500 GM) — kit,Dark Compound,10,gram,INGREDIENT
86,Hazelnut Chocolate Cake (500 gm),KIT074,Hazelnut Chocolate Cake(Cf)  (500 GM) — kit,Unsalted Butter,4,gram,INGREDIENT
86,Hazelnut Chocolate Cake (500 gm),KIT074,Hazelnut Chocolate Cake(Cf)  (500 GM) — kit,Ferrero Rocher T 16 New MRP (Pcs),0.04,count,INGREDIENT
86,Hazelnut Chocolate Cake (500 gm),KIT074,Hazelnut Chocolate Cake(Cf)  (500 GM) — kit,Hazelnuts,3,gram,INGREDIENT
86,Hazelnut Chocolate Cake (500 gm),KIT074,Hazelnut Chocolate Cake(Cf)  (500 GM) — kit,Rich Topping White Cream,38,gram,INGREDIENT
86,Hazelnut Chocolate Cake (500 gm),KIT074,Hazelnut Chocolate Cake(Cf)  (500 GM) — kit,Base 1/2 kg (Pcs),1,count,PACKAGING
87,Heart Shape Choco Strawberry Cake (450 gm),KIT076,Heart Shaped Choco Strawberry — kit,Strawberry Compound,5,gram,INGREDIENT
87,Heart Shape Choco Strawberry Cake (450 gm),KIT076,Heart Shaped Choco Strawberry — kit,Raspberry Chocolate,12,gram,INGREDIENT
87,Heart Shape Choco Strawberry Cake (450 gm),KIT076,Heart Shaped Choco Strawberry — kit,Color-Rasbhari Red,1.2,ml,INGREDIENT
87,Heart Shape Choco Strawberry Cake (450 gm),KIT076,Heart Shaped Choco Strawberry — kit,Van Houtan Milk Chocolate,18,gram,INGREDIENT
87,Heart Shape Choco Strawberry Cake (450 gm),KIT076,Heart Shaped Choco Strawberry — kit,Delta Cb Paillete Feuilletine,18,gram,INGREDIENT
87,Heart Shape Choco Strawberry Cake (450 gm),KIT076,Heart Shaped Choco Strawberry — kit,Dark Compound,5,gram,INGREDIENT
87,Heart Shape Choco Strawberry Cake (450 gm),KIT076,Heart Shaped Choco Strawberry — kit,Cocoa Butter,12,gram,INGREDIENT
87,Heart Shape Choco Strawberry Cake (450 gm),KIT076,Heart Shaped Choco Strawberry — kit,Nutella (null),18,gram,INGREDIENT
87,Heart Shape Choco Strawberry Cake (450 gm),KIT076,Heart Shaped Choco Strawberry — kit,Rich Topping White Cream,100,gram,INGREDIENT
87,Heart Shape Choco Strawberry Cake (450 gm),KIT076,Heart Shaped Choco Strawberry — kit,Base 1/2 kg (Pcs),1,count,PACKAGING
88,Indian Fusion Eggless Fudge Box (9 Pieces),KIT030,Cashew Caramel Bite — kit,Honey,126.7,gram,INGREDIENT
88,Indian Fusion Eggless Fudge Box (9 Pieces),KIT030,Cashew Caramel Bite — kit,Unsalted Butter,554,gram,INGREDIENT
88,Indian Fusion Eggless Fudge Box (9 Pieces),KIT030,Cashew Caramel Bite — kit,Milk,63.33,ml,INGREDIENT
88,Indian Fusion Eggless Fudge Box (9 Pieces),KIT030,Cashew Caramel Bite — kit,Fresh Cream,285,ml,INGREDIENT
88,Indian Fusion Eggless Fudge Box (9 Pieces),KIT030,Cashew Caramel Bite — kit,Glucose,79,ml,INGREDIENT
88,Indian Fusion Eggless Fudge Box (9 Pieces),KIT030,Cashew Caramel Bite — kit,Milk Powder,25.33,gram,INGREDIENT
88,Indian Fusion Eggless Fudge Box (9 Pieces),KIT030,Cashew Caramel Bite — kit,Cashew,316,gram,INGREDIENT
88,Indian Fusion Eggless Fudge Box (9 Pieces),KIT030,Cashew Caramel Bite — kit,Sugar Breakfast,396,gram,INGREDIENT
88,Indian Fusion Eggless Fudge Box (9 Pieces),KIT030,Cashew Caramel Bite — kit,Sugar Icing,190,gram,INGREDIENT
88,Indian Fusion Eggless Fudge Box (9 Pieces),KIT030,Cashew Caramel Bite — kit,Maida,760,gram,INGREDIENT
88,Indian Fusion Eggless Fudge Box (9 Pieces),KIT030,Cashew Caramel Bite — kit,Custard Powder,25.33,gram,INGREDIENT
88,Indian Fusion Eggless Fudge Box (9 Pieces),KIT030,Cashew Caramel Bite — kit,Craneberry,158.33,gram,INGREDIENT
88,Indian Fusion Eggless Fudge Box (9 Pieces),KIT030,Cashew Caramel Bite — kit,Kishmish,450,gram,INGREDIENT
88,Indian Fusion Eggless Fudge Box (9 Pieces),KIT030,Cashew Caramel Bite — kit,Honey,150,gram,INGREDIENT
88,Indian Fusion Eggless Fudge Box (9 Pieces),KIT030,Cashew Caramel Bite — kit,Unsalted Butter,210,gram,INGREDIENT
88,Indian Fusion Eggless Fudge Box (9 Pieces),KIT030,Cashew Caramel Bite — kit,Anjeer,151,gram,INGREDIENT
88,Indian Fusion Eggless Fudge Box (9 Pieces),KIT030,Cashew Caramel Bite — kit,Glucose,75,ml,INGREDIENT
88,Indian Fusion Eggless Fudge Box (9 Pieces),KIT030,Cashew Caramel Bite — kit,Dates paste,300,gram,INGREDIENT
88,Indian Fusion Eggless Fudge Box (9 Pieces),KIT030,Cashew Caramel Bite — kit,Orange Peel,600,gram,INGREDIENT
88,Indian Fusion Eggless Fudge Box (9 Pieces),KIT030,Cashew Caramel Bite — kit,Pista,90,gram,INGREDIENT
88,Indian Fusion Eggless Fudge Box (9 Pieces),KIT030,Cashew Caramel Bite — kit,Cashew,300,gram,INGREDIENT
88,Indian Fusion Eggless Fudge Box (9 Pieces),KIT030,Cashew Caramel Bite — kit,Khajoor,450,gram,INGREDIENT
88,Indian Fusion Eggless Fudge Box (9 Pieces),KIT030,Cashew Caramel Bite — kit,Almond,150,gram,INGREDIENT
88,Indian Fusion Eggless Fudge Box (9 Pieces),KIT030,Cashew Caramel Bite — kit,Dark Compound,960,gram,INGREDIENT
88,Indian Fusion Eggless Fudge Box (9 Pieces),KIT030,Cashew Caramel Bite — kit,Unsalted Butter,20,gram,INGREDIENT
88,Indian Fusion Eggless Fudge Box (9 Pieces),KIT030,Cashew Caramel Bite — kit,Biscoff Crumb,18,gram,INGREDIENT
88,Indian Fusion Eggless Fudge Box (9 Pieces),KIT030,Cashew Caramel Bite — kit,White Compound,200,gram,INGREDIENT
88,Indian Fusion Eggless Fudge Box (9 Pieces),KIT030,Cashew Caramel Bite — kit,Glucose,15,ml,INGREDIENT
88,Indian Fusion Eggless Fudge Box (9 Pieces),KIT030,Cashew Caramel Bite — kit,Milk Maid,60,gram,INGREDIENT
88,Indian Fusion Eggless Fudge Box (9 Pieces),KIT030,Cashew Caramel Bite — kit,Biscoff Spread,80,gram,INGREDIENT
89,Kaju Katli Dream Cake,KIT077,Kaju Katli Dream Cake (DR) — kit,Fresh Cream,92,ml,INGREDIENT
89,Kaju Katli Dream Cake,KIT077,Kaju Katli Dream Cake (DR) — kit,White Compound,110,gram,INGREDIENT
89,Kaju Katli Dream Cake,KIT077,Kaju Katli Dream Cake (DR) — kit,Cashew Butter,37.18,gram,INGREDIENT
89,Kaju Katli Dream Cake,KIT077,Kaju Katli Dream Cake (DR) — kit,Rose Water,0.25,gram,INGREDIENT
89,Kaju Katli Dream Cake,KIT077,Kaju Katli Dream Cake (DR) — kit,Elaichi Powder,1,gram,INGREDIENT
89,Kaju Katli Dream Cake,KIT077,Kaju Katli Dream Cake (DR) — kit,Kaju katli,35,gram,INGREDIENT
89,Kaju Katli Dream Cake,KIT077,Kaju Katli Dream Cake (DR) — kit,Pista,1,gram,INGREDIENT
89,Kaju Katli Dream Cake,KIT077,Kaju Katli Dream Cake (DR) — kit,Rose Petal,0.03,gram,INGREDIENT
89,Kaju Katli Dream Cake,KIT077,Kaju Katli Dream Cake (DR) — kit,Silver Work,0.1,gram,INGREDIENT
89,Kaju Katli Dream Cake,KIT077,Kaju Katli Dream Cake (DR) — kit,Rich Topping White Cream,93,gram,INGREDIENT
89,Kaju Katli Dream Cake,KIT077,Kaju Katli Dream Cake (DR) — kit,Bakingo Plum Cake (400 gm) Tin Box (Pcs),1,count,PACKAGING
90,Kit Kat Pastry,KIT078,Kit Kat Pastry(Cf) — kit,Kitkat Bits,110,gram,INGREDIENT
90,Kit Kat Pastry,KIT078,Kit Kat Pastry(Cf) — kit,Butterscotch Crunch,105,gram,INGREDIENT
91,Kitkat Cupcake,KIT079,Kitkat Cupcake — kit,Nestle Kitkat (MRP 10) (QR) (Pcs),2,count,INGREDIENT
91,Kitkat Cupcake,KIT079,Kitkat Cupcake — kit,Choco Coated Rice Crispy-3Mm,8,gram,INGREDIENT
91,Kitkat Cupcake,KIT079,Kitkat Cupcake — kit,Rich Topping White Cream,74,gram,INGREDIENT
92,Kunafa Tub,KIT080,Kunafa Tub (DR) — kit,Windsor Kunafa Mix,30,gram,INGREDIENT
92,Kunafa Tub,KIT080,Kunafa Tub (DR) — kit,Crystal Box (Pcs),1,count,PACKAGING
93,Lemon Cheesecake Verrine Cup,KIT081,Lemon Cheese Verrine Cup(Lr) — kit,Filling-Lemonazo,48,gram,INGREDIENT
93,Lemon Cheesecake Verrine Cup,KIT081,Lemon Cheese Verrine Cup(Lr) — kit,Fresh Cream,51.8,ml,INGREDIENT
93,Lemon Cheesecake Verrine Cup,KIT081,Lemon Cheese Verrine Cup(Lr) — kit,Sugar Icing,45,gram,INGREDIENT
93,Lemon Cheesecake Verrine Cup,KIT081,Lemon Cheese Verrine Cup(Lr) — kit,White Glaze (null),62.89,gram,INGREDIENT
93,Lemon Cheesecake Verrine Cup,KIT081,Lemon Cheese Verrine Cup(Lr) — kit,Delecta Cream Cheese,276.53,gram,INGREDIENT
93,Lemon Cheesecake Verrine Cup,KIT081,Lemon Cheese Verrine Cup(Lr) — kit,Rich Topping White Cream,190,gram,INGREDIENT
93,Lemon Cheesecake Verrine Cup,KIT081,Lemon Cheese Verrine Cup(Lr) — kit,Breen Cup (Pcs),6,count,PACKAGING
94,Mango Baked Cheesecake Slice,KIT083,Mango Bake Cheese Pastry(Dr) — kit,Fresh Cream,14.83,ml,INGREDIENT
94,Mango Baked Cheesecake Slice,KIT083,Mango Bake Cheese Pastry(Dr) — kit,White Compound,30,gram,INGREDIENT
94,Mango Baked Cheesecake Slice,KIT083,Mango Bake Cheese Pastry(Dr) — kit,Filling-Mango,100,gram,INGREDIENT
94,Mango Baked Cheesecake Slice,KIT083,Mango Bake Cheese Pastry(Dr) — kit,Rich Topping White Cream,15,gram,INGREDIENT
95,Mango Cake (500 gm),KIT084,Mango Cake(Cf) — kit,Filling-Mango,330,gram,INGREDIENT
95,Mango Cake (500 gm),KIT084,Mango Cake(Cf) — kit,Pista,110,gram,INGREDIENT
95,Mango Cake (500 gm),KIT084,Mango Cake(Cf) — kit,Glaze Neutral,220,gram,INGREDIENT
95,Mango Cake (500 gm),KIT084,Mango Cake(Cf) — kit,Rich Topping White Cream,1.07,kg,INGREDIENT
95,Mango Cake (500 gm),KIT084,Mango Cake(Cf) — kit,Base 1/2 kg (Pcs),11,count,PACKAGING
96,Mango Cheesecake (500 gm),KIT085,Mango Cheesecake (DR) (600 GM) — kit,Dark Compound,10,gram,INGREDIENT
96,Mango Cheesecake (500 gm),KIT085,Mango Cheesecake (DR) (600 GM) — kit,Rich Topping White Cream,10.6,gram,INGREDIENT
96,Mango Cheesecake (500 gm),KIT085,Mango Cheesecake (DR) (600 GM) — kit,Base 1/2 kg (Pcs),1,count,PACKAGING
97,Mango Cheesecake Jar,KIT086,Mango Cheesecake Jar(PC) — kit,Fresh Cream,184.68,ml,INGREDIENT
97,Mango Cheesecake Jar,KIT086,Mango Cheesecake Jar(PC) — kit,Unsalted Butter,48,gram,INGREDIENT
97,Mango Cheesecake Jar,KIT086,Mango Cheesecake Jar(PC) — kit,Mango Pulp Alphonso (Pcs),0.28,count,INGREDIENT
97,Mango Cheesecake Jar,KIT086,Mango Cheesecake Jar(PC) — kit,Vanilla Essence,6,ml,INGREDIENT
97,Mango Cheesecake Jar,KIT086,Mango Cheesecake Jar(PC) — kit,Corn Flour,12,gram,INGREDIENT
97,Mango Cheesecake Jar,KIT086,Mango Cheesecake Jar(PC) — kit,Sugar Breakfast,108,gram,INGREDIENT
97,Mango Cheesecake Jar,KIT086,Mango Cheesecake Jar(PC) — kit,Delecta Cream Cheese,330.5,gram,INGREDIENT
97,Mango Cheesecake Jar,KIT086,Mango Cheesecake Jar(PC) — kit,Salsa Jar 350 ml (Pcs),6,count,PACKAGING
98,Mango Chocolate Bento Cake,KIT087,Mango Chocolate Bento Cake (CF) (500 GM) — kit,Mango Pulp Alphonso (Pcs),0.06,count,INGREDIENT
98,Mango Chocolate Bento Cake,KIT087,Mango Chocolate Bento Cake (CF) (500 GM) — kit,Rich Topping White Cream,21.5,gram,INGREDIENT
98,Mango Chocolate Bento Cake,KIT087,Mango Chocolate Bento Cake (CF) (500 GM) — kit,Bento Cake Base (Pcs),1,count,PACKAGING
99,Mango Dark Chocolate Cake (500 gm),KIT088,Mango Chocolate Cake (CF) (500 GM) — kit,Mango Pulp Dasheri,120,gram,INGREDIENT
99,Mango Dark Chocolate Cake (500 gm),KIT088,Mango Chocolate Cake (CF) (500 GM) — kit,Pista,8,gram,INGREDIENT
99,Mango Dark Chocolate Cake (500 gm),KIT088,Mango Chocolate Cake (CF) (500 GM) — kit,Base 1/2 kg (Pcs),1,count,PACKAGING
100,Mango Dessert,KIT089,Mango Dessert (DR) — kit,Raspberry Chocolate,4,gram,INGREDIENT
100,Mango Dessert,KIT089,Mango Dessert (DR) — kit,Mango Pulp Alphonso (Pcs),0.02,count,INGREDIENT
100,Mango Dessert,KIT089,Mango Dessert (DR) — kit,Vanleer Milk Compound,4,gram,INGREDIENT
100,Mango Dessert,KIT089,Mango Dessert (DR) — kit,Mango Compound,20,gram,INGREDIENT
100,Mango Dessert,KIT089,Mango Dessert (DR) — kit,Delta Cb Paillete Feuilletine,5,gram,INGREDIENT
100,Mango Dessert,KIT089,Mango Dessert (DR) — kit,Refined Oil,8.5,ml,INGREDIENT
100,Mango Dessert,KIT089,Mango Dessert (DR) — kit,Rich Topping White Cream,10.1,gram,INGREDIENT
101,Mango Kunafa Jar Cake,KIT090,Mango Kunafa Jar Cake(Cf) — kit,Pista,6,gram,INGREDIENT
101,Mango Kunafa Jar Cake,KIT090,Mango Kunafa Jar Cake(Cf) — kit,Windsor Kunafa Mix,180,gram,INGREDIENT
101,Mango Kunafa Jar Cake,KIT090,Mango Kunafa Jar Cake(Cf) — kit,Salsa Jar 350 ml (Pcs),6,count,PACKAGING
102,Mango Mousse Cake (500 gm),KIT091,Mango Mousse Cake (DR) (500 GM) — kit,Delecta Cheese cake Topping,150,gram,INGREDIENT
102,Mango Mousse Cake (500 gm),KIT091,Mango Mousse Cake (DR) (500 GM) — kit,Mango Pulp Dasheri,60,gram,INGREDIENT
102,Mango Mousse Cake (500 gm),KIT091,Mango Mousse Cake (DR) (500 GM) — kit,Milk,20,ml,INGREDIENT
102,Mango Mousse Cake (500 gm),KIT091,Mango Mousse Cake (DR) (500 GM) — kit,Delecta Mousse Mix,50,gram,INGREDIENT
102,Mango Mousse Cake (500 gm),KIT091,Mango Mousse Cake (DR) (500 GM) — kit,Delecta Mascarpone Cheese,80,gram,INGREDIENT
102,Mango Mousse Cake (500 gm),KIT091,Mango Mousse Cake (DR) (500 GM) — kit,Cocoa Powder,8,gram,INGREDIENT
102,Mango Mousse Cake (500 gm),KIT091,Mango Mousse Cake (DR) (500 GM) — kit,Base 1/2 kg (Pcs),1,count,PACKAGING
103,Mango Naked Cake (500 gm),KIT092,Mango Naked Cake (CF) (500 gm) — kit,Mango Pulp Alphonso (Pcs),0.13,count,INGREDIENT
103,Mango Naked Cake (500 gm),KIT092,Mango Naked Cake (CF) (500 gm) — kit,Rich Topping White Cream,125.6,gram,INGREDIENT
103,Mango Naked Cake (500 gm),KIT092,Mango Naked Cake (CF) (500 gm) — kit,Base 1/2 kg (Pcs),1,count,PACKAGING
104,Mango Passion Fruit Bento Cake,KIT093,Mango Passion Fruit Bento Cake (CF) — kit,Dark Compound,15,gram,INGREDIENT
104,Mango Passion Fruit Bento Cake,KIT093,Mango Passion Fruit Bento Cake (CF) — kit,Bento Cake Base (Pcs),1,count,PACKAGING
105,Mango Pastry,KIT094,Mango Pastry(Cf) — kit,Filling-Vanilla,288.58,gram,INGREDIENT
105,Mango Pastry,KIT094,Mango Pastry(Cf) — kit,Mango Pulp Alphonso (Pcs),1.02,count,INGREDIENT
105,Mango Pastry,KIT094,Mango Pastry(Cf) — kit,Milk Maid,147,gram,INGREDIENT
105,Mango Pastry,KIT094,Mango Pastry(Cf) — kit,Rich Topping White Cream,1.06,kg,INGREDIENT
106,Mango Tart,KIT095,Mango Tart (DR) — kit,Mango Pulp Alphonso (Pcs),0.08,count,INGREDIENT
106,Mango Tart,KIT095,Mango Tart (DR) — kit,Filling-Vanilla,65.6,gram,INGREDIENT
106,Mango Tart,KIT095,Mango Tart (DR) — kit,Mango Compound,15,gram,INGREDIENT
106,Mango Tart,KIT095,Mango Tart (DR) — kit,Pista,6,gram,INGREDIENT
106,Mango Tart,KIT095,Mango Tart (DR) — kit,Rich Topping White Cream,68.9,gram,INGREDIENT
106,Mango Tart,KIT095,Mango Tart (DR) — kit,Tart Base with Lid (Pcs),3,count,PACKAGING
107,Mango Tres Leches (PCS),KIT096,Mango Tres Leches (CF) — kit,Milk,70,ml,INGREDIENT
107,Mango Tres Leches (PCS),KIT096,Mango Tres Leches (CF) — kit,Fresh Cream,14,ml,INGREDIENT
107,Mango Tres Leches (PCS),KIT096,Mango Tres Leches (CF) — kit,Mango Pulp Alphonso (Pcs),0.06,count,INGREDIENT
107,Mango Tres Leches (PCS),KIT096,Mango Tres Leches (CF) — kit,Milk Maid,14,gram,INGREDIENT
107,Mango Tres Leches (PCS),KIT096,Mango Tres Leches (CF) — kit,Kesar,0.01,gram,INGREDIENT
107,Mango Tres Leches (PCS),KIT096,Mango Tres Leches (CF) — kit,Rich Topping White Cream,9.6,gram,INGREDIENT
107,Mango Tres Leches (PCS),KIT096,Mango Tres Leches (CF) — kit,Acrylic Dessert Cup 95*95*62 (Pcs),1,count,PACKAGING
108,Marble Cake (500 gm),KIT097,Marble Cake(Cf) (500 gm) — kit,Md Twin Compound Chips,710,gram,INGREDIENT
108,Marble Cake (500 gm),KIT097,Marble Cake(Cf) (500 gm) — kit,Rich Topping White Cream,760,gram,INGREDIENT
108,Marble Cake (500 gm),KIT097,Marble Cake(Cf) (500 gm) — kit,Base 1/2 kg (Pcs),11,count,PACKAGING
109,Marble Tea Cake (Eggless),KIT098,Marble Tea Cake(Pc) ((EGGLESS)) — kit,Water,90,gram,INGREDIENT
109,Marble Tea Cake (Eggless),KIT098,Marble Tea Cake(Pc) ((EGGLESS)) — kit,Premix-Tea Time Vanilla,200,gram,INGREDIENT
109,Marble Tea Cake (Eggless),KIT098,Marble Tea Cake(Pc) ((EGGLESS)) — kit,Refined Oil,26.09,ml,INGREDIENT
110,Matcha missu Cheesecake Slice,KIT100,Matcha missu Cheesecake Slice (DR) — kit,Fresh Cream,20,ml,INGREDIENT
110,Matcha missu Cheesecake Slice,KIT100,Matcha missu Cheesecake Slice (DR) — kit,Orange Compound,20,gram,INGREDIENT
110,Matcha missu Cheesecake Slice,KIT100,Matcha missu Cheesecake Slice (DR) — kit,Vanleer Milk Compound,3,gram,INGREDIENT
110,Matcha missu Cheesecake Slice,KIT100,Matcha missu Cheesecake Slice (DR) — kit,Rich Topping White Cream,42,gram,INGREDIENT
111,Matcha Missu Tub,KIT099,Matcha Missu Tub (DR) — kit,Delecta Cheese cake Topping,37.5,gram,INGREDIENT
111,Matcha Missu Tub,KIT099,Matcha Missu Tub (DR) — kit,Rich Wilber 35% Dairy Cream,18.75,gram,INGREDIENT
111,Matcha Missu Tub,KIT099,Matcha Missu Tub (DR) — kit,Delecta Mascarpone Cheese,18.75,gram,INGREDIENT
111,Matcha Missu Tub,KIT099,Matcha Missu Tub (DR) — kit,Matcha Tea,1.25,gram,INGREDIENT
111,Matcha Missu Tub,KIT099,Matcha Missu Tub (DR) — kit,Crystal Box (Pcs),1,count,PACKAGING
112,Matka Rasmalai Cake,KIT129,Rasmalai Cake(Cf) (500 gm) — kit,Rasgulla,166,gram,INGREDIENT
112,Matka Rasmalai Cake,KIT129,Rasmalai Cake(Cf) (500 gm) — kit,Filling-Vanilla,15.14,gram,INGREDIENT
112,Matka Rasmalai Cake,KIT129,Rasmalai Cake(Cf) (500 gm) — kit,Fresh Cream,15,ml,INGREDIENT
112,Matka Rasmalai Cake,KIT129,Rasmalai Cake(Cf) (500 gm) — kit,Milk,36.6,ml,INGREDIENT
112,Matka Rasmalai Cake,KIT129,Rasmalai Cake(Cf) (500 gm) — kit,Rich Wilber 35% Dairy Cream,45,gram,INGREDIENT
112,Matka Rasmalai Cake,KIT129,Rasmalai Cake(Cf) (500 gm) — kit,Kesar Elaichi Paste,0.36,gram,INGREDIENT
112,Matka Rasmalai Cake,KIT129,Rasmalai Cake(Cf) (500 gm) — kit,Color-Yellow,0.27,ml,INGREDIENT
112,Matka Rasmalai Cake,KIT129,Rasmalai Cake(Cf) (500 gm) — kit,Kesar,0.01,gram,INGREDIENT
112,Matka Rasmalai Cake,KIT129,Rasmalai Cake(Cf) (500 gm) — kit,Gold leaf (Pcs),0.01,count,INGREDIENT
112,Matka Rasmalai Cake,KIT129,Rasmalai Cake(Cf) (500 gm) — kit,Milk Maid,7.5,gram,INGREDIENT
112,Matka Rasmalai Cake,KIT129,Rasmalai Cake(Cf) (500 gm) — kit,Pista,10,gram,INGREDIENT
112,Matka Rasmalai Cake,KIT129,Rasmalai Cake(Cf) (500 gm) — kit,Sugar Breakfast,7.6,gram,INGREDIENT
112,Matka Rasmalai Cake,KIT129,Rasmalai Cake(Cf) (500 gm) — kit,Glaze Neutral,10.14,gram,INGREDIENT
112,Matka Rasmalai Cake,KIT129,Rasmalai Cake(Cf) (500 gm) — kit,Rich Topping White Cream,137,gram,INGREDIENT
112,Matka Rasmalai Cake,KIT129,Rasmalai Cake(Cf) (500 gm) — kit,Base 1/2 kg (Pcs),1,count,PACKAGING
112,Matka Rasmalai Cake,KIT129,Rasmalai Cake(Cf) (500 gm) — kit,Fresh Cream,1.75,ml,INGREDIENT
112,Matka Rasmalai Cake,KIT129,Rasmalai Cake(Cf) (500 gm) — kit,Color-Yellow,0.25,ml,INGREDIENT
112,Matka Rasmalai Cake,KIT129,Rasmalai Cake(Cf) (500 gm) — kit,Coconut Powder,6,gram,INGREDIENT
112,Matka Rasmalai Cake,KIT129,Rasmalai Cake(Cf) (500 gm) — kit,Color-Orange,0.33,ml,INGREDIENT
112,Matka Rasmalai Cake,KIT129,Rasmalai Cake(Cf) (500 gm) — kit,Rich Topping White Cream,1.75,gram,INGREDIENT
113,Message Chocolate Name Plate,KIT102,Message Chocolate Name Plate(Cf) — kit,Dark Compound,800,gram,INGREDIENT
115,Milk Chocolate & Motichoor Tres leches,KIT103,Milk Chocolate & Motichoor Tres leches (DR) — kit,Fresh Cream,8.33,ml,INGREDIENT
115,Milk Chocolate & Motichoor Tres leches,KIT103,Milk Chocolate & Motichoor Tres leches (DR) — kit,Milk,30,ml,INGREDIENT
115,Milk Chocolate & Motichoor Tres leches,KIT103,Milk Chocolate & Motichoor Tres leches (DR) — kit,Van Houtan Milk Chocolate,11.7,gram,INGREDIENT
115,Milk Chocolate & Motichoor Tres leches,KIT103,Milk Chocolate & Motichoor Tres leches (DR) — kit,Motichoor Laddu,40,gram,INGREDIENT
115,Milk Chocolate & Motichoor Tres leches,KIT103,Milk Chocolate & Motichoor Tres leches (DR) — kit,Rich Topping White Cream,20,gram,INGREDIENT
115,Milk Chocolate & Motichoor Tres leches,KIT103,Milk Chocolate & Motichoor Tres leches (DR) — kit,Acrylic Dessert Cup 95*95*62 (Pcs),1,count,PACKAGING
116,Milk Chocolate Bento Cake,KIT104,Milk Chocolate Bento Cake (CF) — kit,Choco Coated Rice Crispy-3Mm,1,gram,INGREDIENT
116,Milk Chocolate Bento Cake,KIT104,Milk Chocolate Bento Cake (CF) — kit,Bento Cake Base (Pcs),1,count,PACKAGING
117,Milk Chocolate Verrine Cup (No Added Sugar),KIT105,Milk Chocolate Verrine Cup (No added Sugar) (DR) — kit,Water,4.17,gram,INGREDIENT
117,Milk Chocolate Verrine Cup (No Added Sugar),KIT105,Milk Chocolate Verrine Cup (No added Sugar) (DR) — kit,Milk chocolate - Sugar Free,41.11,gram,INGREDIENT
117,Milk Chocolate Verrine Cup (No Added Sugar),KIT105,Milk Chocolate Verrine Cup (No added Sugar) (DR) — kit,Fresh Cream,29.64,ml,INGREDIENT
117,Milk Chocolate Verrine Cup (No Added Sugar),KIT105,Milk Chocolate Verrine Cup (No added Sugar) (DR) — kit,Chocolate Premix - Sugar Free,8.33,gram,INGREDIENT
117,Milk Chocolate Verrine Cup (No Added Sugar),KIT105,Milk Chocolate Verrine Cup (No added Sugar) (DR) — kit,Nescafe Classic,1.01,gram,INGREDIENT
117,Milk Chocolate Verrine Cup (No Added Sugar),KIT105,Milk Chocolate Verrine Cup (No added Sugar) (DR) — kit,Almond,5,gram,INGREDIENT
117,Milk Chocolate Verrine Cup (No Added Sugar),KIT105,Milk Chocolate Verrine Cup (No added Sugar) (DR) — kit,Refined Oil,0.42,ml,INGREDIENT
117,Milk Chocolate Verrine Cup (No Added Sugar),KIT105,Milk Chocolate Verrine Cup (No added Sugar) (DR) — kit,Rich Topping White Cream,35.34,gram,INGREDIENT
118,Milk Ganache (FC),KIT082,MILK Chocolate Ganache — kit,Fresh Cream,4,ltr,INGREDIENT
118,Milk Ganache (FC),KIT082,MILK Chocolate Ganache — kit,Unsalted Butter,300,gram,INGREDIENT
118,Milk Ganache (FC),KIT082,MILK Chocolate Ganache — kit,Vanleer Milk Compound,4,kg,INGREDIENT
118,Milk Ganache (FC),KIT082,MILK Chocolate Ganache — kit,Van Houtan Milk Chocolate,2,kg,INGREDIENT
119,Millionaire Brownie,KIT106,Millionaire Brownie(Cf) — kit,White Compound,200,gram,INGREDIENT
120,Modak Set of 9,KIT016,Biscoff Modak — kit,Milk,6.6,ml,INGREDIENT
120,Modak Set of 9,KIT016,Biscoff Modak — kit,Unsalted Butter,2.2,gram,INGREDIENT
120,Modak Set of 9,KIT016,Biscoff Modak — kit,Biscoff Crumb,1,gram,INGREDIENT
120,Modak Set of 9,KIT016,Biscoff Modak — kit,Milk Powder,12.4,gram,INGREDIENT
120,Modak Set of 9,KIT016,Biscoff Modak — kit,Coconut Powder,3.3,gram,INGREDIENT
120,Modak Set of 9,KIT016,Biscoff Modak — kit,Sugar Icing,3.5,gram,INGREDIENT
120,Modak Set of 9,KIT016,Biscoff Modak — kit,Biscoff Spread,7.61,gram,INGREDIENT
120,Modak Set of 9,KIT016,Biscoff Modak — kit,Milk,7,ml,INGREDIENT
120,Modak Set of 9,KIT016,Biscoff Modak — kit,Unsalted Butter,2.3,gram,INGREDIENT
120,Modak Set of 9,KIT016,Biscoff Modak — kit,Fresh Cream,1.3,ml,INGREDIENT
120,Modak Set of 9,KIT016,Biscoff Modak — kit,White Compound,3.91,gram,INGREDIENT
120,Modak Set of 9,KIT016,Biscoff Modak — kit,Pistachio Paste,0.39,gram,INGREDIENT
120,Modak Set of 9,KIT016,Biscoff Modak — kit,Pista,1.39,gram,INGREDIENT
120,Modak Set of 9,KIT016,Biscoff Modak — kit,Milk Powder,13.1,gram,INGREDIENT
120,Modak Set of 9,KIT016,Biscoff Modak — kit,Coconut Powder,3.5,gram,INGREDIENT
120,Modak Set of 9,KIT016,Biscoff Modak — kit,Sugar Icing,3.7,gram,INGREDIENT
120,Modak Set of 9,KIT016,Biscoff Modak — kit,Elaichi Powder,0.28,gram,INGREDIENT
120,Modak Set of 9,KIT016,Biscoff Modak — kit,Van Houten Dark Chocolate (46.5%),0.9,gram,INGREDIENT
120,Modak Set of 9,KIT016,Biscoff Modak — kit,Milk,6.6,ml,INGREDIENT
120,Modak Set of 9,KIT016,Biscoff Modak — kit,Unsalted Butter,2.2,gram,INGREDIENT
120,Modak Set of 9,KIT016,Biscoff Modak — kit,Fresh Cream,1.71,ml,INGREDIENT
120,Modak Set of 9,KIT016,Biscoff Modak — kit,Cocoa Powder,1.6,gram,INGREDIENT
120,Modak Set of 9,KIT016,Biscoff Modak — kit,Milk Powder,12.4,gram,INGREDIENT
120,Modak Set of 9,KIT016,Biscoff Modak — kit,Coconut Powder,3.3,gram,INGREDIENT
120,Modak Set of 9,KIT016,Biscoff Modak — kit,Sugar Icing,3.5,gram,INGREDIENT
120,Modak Set of 9,KIT016,Biscoff Modak — kit,Almond-Small Diced,1,gram,INGREDIENT
120,Modak Set of 9,KIT016,Biscoff Modak — kit,Dark Compound,5.5,gram,INGREDIENT
121,Motichoor Cheesecake Slice,KIT107,Motichoor Cheesecake Slice (DR) — kit,Pista,10,gram,INGREDIENT
121,Motichoor Cheesecake Slice,KIT107,Motichoor Cheesecake Slice (DR) — kit,Motichoor Laddu,56,gram,INGREDIENT
121,Motichoor Cheesecake Slice,KIT107,Motichoor Cheesecake Slice (DR) — kit,Rich Topping White Cream,19,gram,INGREDIENT
122,Motichoor Tea Cake,KIT108,Motichoor Tea Cake (PC) — kit,Water,54.45,gram,INGREDIENT
122,Motichoor Tea Cake,KIT108,Motichoor Tea Cake (PC) — kit,Premix-Tea Time Vanilla,45.38,gram,INGREDIENT
122,Motichoor Tea Cake,KIT108,Motichoor Tea Cake (PC) — kit,Melon Seeds,11,gram,INGREDIENT
122,Motichoor Tea Cake,KIT108,Motichoor Tea Cake (PC) — kit,Pista,6.5,gram,INGREDIENT
122,Motichoor Tea Cake,KIT108,Motichoor Tea Cake (PC) — kit,Kesar,0.01,gram,INGREDIENT
122,Motichoor Tea Cake,KIT108,Motichoor Tea Cake (PC) — kit,Sugar Breakfast,54.45,gram,INGREDIENT
122,Motichoor Tea Cake,KIT108,Motichoor Tea Cake (PC) — kit,Maida,54.45,gram,INGREDIENT
122,Motichoor Tea Cake,KIT108,Motichoor Tea Cake (PC) — kit,Motichoor Laddu,71.39,gram,INGREDIENT
122,Motichoor Tea Cake,KIT108,Motichoor Tea Cake (PC) — kit,Refined Oil,54.45,ml,INGREDIENT
122,Motichoor Tea Cake,KIT108,Motichoor Tea Cake (PC) — kit,Glycerine,6.81,gram,INGREDIENT
122,Motichoor Tea Cake,KIT108,Motichoor Tea Cake (PC) — kit,Elaichi Powder,0.01,gram,INGREDIENT
122,Motichoor Tea Cake,KIT108,Motichoor Tea Cake (PC) — kit,Silver Work,0.25,gram,INGREDIENT
123,Muffin Chocolate,KIT109,Muffin Chocolate(Pc) — kit,Water,2.15,kg,INGREDIENT
123,Muffin Chocolate,KIT109,Muffin Chocolate(Pc) — kit,Premix-Tea Time Chocolate,5,kg,INGREDIENT
123,Muffin Chocolate,KIT109,Muffin Chocolate(Pc) — kit,Refined Oil,1.12,ltr,INGREDIENT
123,Muffin Chocolate,KIT109,Muffin Chocolate(Pc) — kit,Muffin Paper Cup Liner Brown (Pcs),201,count,PACKAGING
124,Muffin Red Velvet,KIT110,Muffin Red Velvet(Pc) — kit,Water,660,gram,INGREDIENT
124,Muffin Red Velvet,KIT110,Muffin Red Velvet(Pc) — kit,Premix-Red Velvet,1.35,kg,INGREDIENT
124,Muffin Red Velvet,KIT110,Muffin Red Velvet(Pc) — kit,Refined Oil,270,ml,INGREDIENT
124,Muffin Red Velvet,KIT110,Muffin Red Velvet(Pc) — kit,Muffin Paper Cup Liner White (Pcs),50,count,PACKAGING
125,Muffin Vanilla,KIT111,Muffin Vanilla(Pc) — kit,Water,2.25,kg,INGREDIENT
125,Muffin Vanilla,KIT111,Muffin Vanilla(Pc) — kit,Premix-Tea Time Vanilla,5,kg,INGREDIENT
125,Muffin Vanilla,KIT111,Muffin Vanilla(Pc) — kit,Refined Oil,652.17,ml,INGREDIENT
125,Muffin Vanilla,KIT111,Muffin Vanilla(Pc) — kit,Muffin Paper Cup Liner White (Pcs),174,count,PACKAGING
126,Multigrain Tea Cake (300 gm),KIT112,Multigrain Tea Cake(Pc) (300 GM) — kit,Water,84,gram,INGREDIENT
126,Multigrain Tea Cake (300 gm),KIT112,Multigrain Tea Cake(Pc) (300 GM) — kit,Dvr Multigrain Cake Mix Ef Vanilla,190,gram,INGREDIENT
126,Multigrain Tea Cake (300 gm),KIT112,Multigrain Tea Cake(Pc) (300 GM) — kit,Multigrain Seeds,3,gram,INGREDIENT
126,Multigrain Tea Cake (300 gm),KIT112,Multigrain Tea Cake(Pc) (300 GM) — kit,Refined Oil,73,ml,INGREDIENT
129,Nutella Hazelnut Cake (500 gm(Reg),KIT113,Nutella Hazelnut Cake (Dr) (500 Gm) — kit,Water,12,gram,INGREDIENT
129,Nutella Hazelnut Cake (500 gm(Reg),KIT113,Nutella Hazelnut Cake (Dr) (500 Gm) — kit,Golden Dust (Pcs),0,count,INGREDIENT
129,Nutella Hazelnut Cake (500 gm(Reg),KIT113,Nutella Hazelnut Cake (Dr) (500 Gm) — kit,Fresh Cream,114.9,ml,INGREDIENT
129,Nutella Hazelnut Cake (500 gm(Reg),KIT113,Nutella Hazelnut Cake (Dr) (500 Gm) — kit,Van Houtan Milk Chocolate,79,gram,INGREDIENT
129,Nutella Hazelnut Cake (500 gm(Reg),KIT113,Nutella Hazelnut Cake (Dr) (500 Gm) — kit,Gelatin,4,gram,INGREDIENT
129,Nutella Hazelnut Cake (500 gm(Reg),KIT113,Nutella Hazelnut Cake (Dr) (500 Gm) — kit,Vanilla Essence,2,ml,INGREDIENT
129,Nutella Hazelnut Cake (500 gm(Reg),KIT113,Nutella Hazelnut Cake (Dr) (500 Gm) — kit,Nutella (null),81.72,gram,INGREDIENT
129,Nutella Hazelnut Cake (500 gm(Reg),KIT113,Nutella Hazelnut Cake (Dr) (500 Gm) — kit,Rum,0.2,ml,INGREDIENT
129,Nutella Hazelnut Cake (500 gm(Reg),KIT113,Nutella Hazelnut Cake (Dr) (500 Gm) — kit,Hazelnuts,41,gram,INGREDIENT
129,Nutella Hazelnut Cake (500 gm(Reg),KIT113,Nutella Hazelnut Cake (Dr) (500 Gm) — kit,Rich Topping White Cream,168,gram,INGREDIENT
129,Nutella Hazelnut Cake (500 gm(Reg),KIT113,Nutella Hazelnut Cake (Dr) (500 Gm) — kit,Base 1/2 kg (Pcs),1,count,PACKAGING
130,Nutella Hazelnut Jar Cake,KIT114,Nutella Hazelnut Jar Cake(Cf) — kit,Van Houten Dark Chocolate (46.5%),120,gram,INGREDIENT
130,Nutella Hazelnut Jar Cake,KIT114,Nutella Hazelnut Jar Cake(Cf) — kit,Fresh Cream,233.8,ml,INGREDIENT
130,Nutella Hazelnut Jar Cake,KIT114,Nutella Hazelnut Jar Cake(Cf) — kit,Nutella (null),173.79,gram,INGREDIENT
130,Nutella Hazelnut Jar Cake,KIT114,Nutella Hazelnut Jar Cake(Cf) — kit,Van Houtan Milk Chocolate,48,gram,INGREDIENT
130,Nutella Hazelnut Jar Cake,KIT114,Nutella Hazelnut Jar Cake(Cf) — kit,Hazelnuts,36,gram,INGREDIENT
130,Nutella Hazelnut Jar Cake,KIT114,Nutella Hazelnut Jar Cake(Cf) — kit,Rich Topping White Cream,279,gram,INGREDIENT
130,Nutella Hazelnut Jar Cake,KIT114,Nutella Hazelnut Jar Cake(Cf) — kit,Salsa Jar 350 ml (Pcs),6,count,PACKAGING
132,Occasions Bento Cake,KIT116,Occasions Bento Cake (CF) — kit,Raspberry Chocolate,39,gram,INGREDIENT
132,Occasions Bento Cake,KIT116,Occasions Bento Cake (CF) — kit,Fresh Cream,23.9,ml,INGREDIENT
132,Occasions Bento Cake,KIT116,Occasions Bento Cake (CF) — kit,Pista Chocolate,6.5,gram,INGREDIENT
132,Occasions Bento Cake,KIT116,Occasions Bento Cake (CF) — kit,Rich Topping White Cream,8.72,gram,INGREDIENT
132,Occasions Bento Cake,KIT116,Occasions Bento Cake (CF) — kit,Bento Cake Base (Pcs),1,count,PACKAGING
133,Occasions Cup cakes Set of 4,KIT024,Buttercream Cup cake — kit,Rich Better Cream,50,gram,INGREDIENT
133,Occasions Cup cakes Set of 4,KIT024,Buttercream Cup cake — kit,Unsalted Butter,50,gram,INGREDIENT
133,Occasions Cup cakes Set of 4,KIT024,Buttercream Cup cake — kit,Filling- Blueberry Fruit (2.7 KG),16,gram,INGREDIENT
133,Occasions Cup cakes Set of 4,KIT024,Buttercream Cup cake — kit,Sugar Icing,10,gram,INGREDIENT
134,Opera Cake (500 gm(Reg),KIT117,Opera Cake(Dr)  (500 GM) — kit,Golden Dust (Pcs),0.08,count,INGREDIENT
134,Opera Cake (500 gm(Reg),KIT117,Opera Cake(Dr)  (500 GM) — kit,Unsalted Butter,917,gram,INGREDIENT
134,Opera Cake (500 gm(Reg),KIT117,Opera Cake(Dr)  (500 GM) — kit,Egg (Pcs),2.5,count,INGREDIENT
134,Opera Cake (500 gm(Reg),KIT117,Opera Cake(Dr)  (500 GM) — kit,Vanilla Essence,17,ml,INGREDIENT
134,Opera Cake (500 gm(Reg),KIT117,Opera Cake(Dr)  (500 GM) — kit,Nescafe Classic,83,gram,INGREDIENT
134,Opera Cake (500 gm(Reg),KIT117,Opera Cake(Dr)  (500 GM) — kit,Sugar Breakfast,900,gram,INGREDIENT
135,Opera Pastry (-(Reg),KIT118,Opera Pastry(Dr) — kit,Golden Dust (Pcs),0.08,count,INGREDIENT
135,Opera Pastry (-(Reg),KIT118,Opera Pastry(Dr) — kit,Unsalted Butter,917,gram,INGREDIENT
135,Opera Pastry (-(Reg),KIT118,Opera Pastry(Dr) — kit,Egg (Pcs),2.5,count,INGREDIENT
135,Opera Pastry (-(Reg),KIT118,Opera Pastry(Dr) — kit,Vanilla Essence,17,ml,INGREDIENT
135,Opera Pastry (-(Reg),KIT118,Opera Pastry(Dr) — kit,Nescafe Classic,83,gram,INGREDIENT
135,Opera Pastry (-(Reg),KIT118,Opera Pastry(Dr) — kit,Sugar Breakfast,900,gram,INGREDIENT
137,Oreo Baked Cheesecake Slice,KIT119,Oreo Bake Cheesecake Slice(Dr) — kit,Rich Topping White Cream,106,gram,INGREDIENT
138,Oreo Jar Cake (Pack of 6),KIT136,Sponge-Chocolate — kit,Premix-Classic Chocolate,1.21,kg,INGREDIENT
138,Oreo Jar Cake (Pack of 6),KIT136,Sponge-Chocolate — kit,Water,1.33,kg,INGREDIENT
138,Oreo Jar Cake (Pack of 6),KIT136,Sponge-Chocolate — kit,Eggfree Chocolate Premix,1.21,kg,INGREDIENT
138,Oreo Jar Cake (Pack of 6),KIT136,Sponge-Chocolate — kit,Refined Oil,236,ml,INGREDIENT
139,Overloaded Choco Chip Cup Cake,KIT120,Overloaded Choco Chip Cup Cake(Cf) — kit,Choco Chips,20,gram,INGREDIENT
141,Pineapple Cake (500 gm),KIT121,Pineapple Cake(Cf) (500 gm) — kit,Delta Hot Glaze,209,gram,INGREDIENT
141,Pineapple Cake (500 gm),KIT121,Pineapple Cake(Cf) (500 gm) — kit,Rich Wilber 35% Dairy Cream,209,gram,INGREDIENT
141,Pineapple Cake (500 gm),KIT121,Pineapple Cake(Cf) (500 gm) — kit,Rich Topping White Cream,1.2,kg,INGREDIENT
141,Pineapple Cake (500 gm),KIT121,Pineapple Cake(Cf) (500 gm) — kit,Base 1/2 kg (Pcs),11,count,PACKAGING
142,Pineapple Pastry,KIT122,Pineapple Pastry(Cf) — kit,Delta Hot Glaze,162,gram,INGREDIENT
142,Pineapple Pastry,KIT122,Pineapple Pastry(Cf) — kit,Rich Wilber 35% Dairy Cream,108,gram,INGREDIENT
142,Pineapple Pastry,KIT122,Pineapple Pastry(Cf) — kit,Topfill Pineapple,800,gram,INGREDIENT
142,Pineapple Pastry,KIT122,Pineapple Pastry(Cf) — kit,Delta Pineapple Puree,16.2,gram,INGREDIENT
142,Pineapple Pastry,KIT122,Pineapple Pastry(Cf) — kit,Rich Topping White Cream,1.19,kg,INGREDIENT
143,Piping with Cream,KIT123,Piping With Cream(Cf) — kit,Rich Topping White Cream,106,gram,INGREDIENT
144,Pista Tres Leches (Pcs),KIT125,Pista Tres Leches(Dr) — kit,Fresh Cream,34.9,ml,INGREDIENT
144,Pista Tres Leches (Pcs),KIT125,Pista Tres Leches(Dr) — kit,Milk,80,ml,INGREDIENT
144,Pista Tres Leches (Pcs),KIT125,Pista Tres Leches(Dr) — kit,Pista Essence,1,ml,INGREDIENT
144,Pista Tres Leches (Pcs),KIT125,Pista Tres Leches(Dr) — kit,Rich Wilber 35% Dairy Cream,6,gram,INGREDIENT
144,Pista Tres Leches (Pcs),KIT125,Pista Tres Leches(Dr) — kit,Milk Maid,17.47,gram,INGREDIENT
144,Pista Tres Leches (Pcs),KIT125,Pista Tres Leches(Dr) — kit,Pista,5,gram,INGREDIENT
144,Pista Tres Leches (Pcs),KIT125,Pista Tres Leches(Dr) — kit,Rich Topping White Cream,6.6,gram,INGREDIENT
144,Pista Tres Leches (Pcs),KIT125,Pista Tres Leches(Dr) — kit,Acrylic Dessert Cup 95*95*62 (Pcs),1,count,PACKAGING
145,Plum Cake,KIT126,Plum Cake 100 gm — kit,Water,23,gram,INGREDIENT
145,Plum Cake,KIT126,Plum Cake 100 gm — kit,Plum Cake Premix,50,gram,INGREDIENT
145,Plum Cake,KIT126,Plum Cake 100 gm — kit,Almond Flex,1,gram,INGREDIENT
145,Plum Cake,KIT126,Plum Cake 100 gm — kit,Potassium Sorbate,0.1,gram,INGREDIENT
145,Plum Cake,KIT126,Plum Cake 100 gm — kit,Tooty Fruiti,2.2,gram,INGREDIENT
145,Plum Cake,KIT126,Plum Cake 100 gm — kit,Refined Oil,10,ml,INGREDIENT
145,Plum Cake,KIT126,Plum Cake 100 gm — kit,Mold-Plum Muffin (Pcs),1,count,PACKAGING
146,Plum Cake (800 gm),KIT128,Plum Cake 800 gm — kit,Water,180,gram,INGREDIENT
146,Plum Cake (800 gm),KIT128,Plum Cake 800 gm — kit,Plum Cake Premix,390,gram,INGREDIENT
146,Plum Cake (800 gm),KIT128,Plum Cake 800 gm — kit,Almond Flex,3.1,gram,INGREDIENT
146,Plum Cake (800 gm),KIT128,Plum Cake 800 gm — kit,Potassium Sorbate,1,gram,INGREDIENT
146,Plum Cake (800 gm),KIT128,Plum Cake 800 gm — kit,Tooty Fruiti,6.9,gram,INGREDIENT
146,Plum Cake (800 gm),KIT128,Plum Cake 800 gm — kit,Refined Oil,80,ml,INGREDIENT
146,Plum Cake (800 gm),KIT128,Plum Cake 800 gm — kit,Bakingo Plum Cake(800Gm) Tin Box (Pcs),1,count,PACKAGING
147,Plum Cake 250 gm,KIT127,Plum Cake 250 gm — kit,Water,54,gram,INGREDIENT
147,Plum Cake 250 gm,KIT127,Plum Cake 250 gm — kit,Plum Cake Premix,118,gram,INGREDIENT
147,Plum Cake 250 gm,KIT127,Plum Cake 250 gm — kit,Almond Flex,1.6,gram,INGREDIENT
147,Plum Cake 250 gm,KIT127,Plum Cake 250 gm — kit,Potassium Sorbate,0.3,gram,INGREDIENT
147,Plum Cake 250 gm,KIT127,Plum Cake 250 gm — kit,Tooty Fruiti,3.3,gram,INGREDIENT
147,Plum Cake 250 gm,KIT127,Plum Cake 250 gm — kit,Refined Oil,24,ml,INGREDIENT
147,Plum Cake 250 gm,KIT127,Plum Cake 250 gm — kit,Mold-Tree shape Plum (Pcs),1,count,PACKAGING
148,Rasmalai Cake (500 gm),KIT129,Rasmalai Cake(Cf) (500 gm) — kit,Rasgulla,166,gram,INGREDIENT
148,Rasmalai Cake (500 gm),KIT129,Rasmalai Cake(Cf) (500 gm) — kit,Filling-Vanilla,15.14,gram,INGREDIENT
148,Rasmalai Cake (500 gm),KIT129,Rasmalai Cake(Cf) (500 gm) — kit,Fresh Cream,15,ml,INGREDIENT
148,Rasmalai Cake (500 gm),KIT129,Rasmalai Cake(Cf) (500 gm) — kit,Milk,36.6,ml,INGREDIENT
148,Rasmalai Cake (500 gm),KIT129,Rasmalai Cake(Cf) (500 gm) — kit,Rich Wilber 35% Dairy Cream,45,gram,INGREDIENT
148,Rasmalai Cake (500 gm),KIT129,Rasmalai Cake(Cf) (500 gm) — kit,Kesar Elaichi Paste,0.36,gram,INGREDIENT
148,Rasmalai Cake (500 gm),KIT129,Rasmalai Cake(Cf) (500 gm) — kit,Color-Yellow,0.27,ml,INGREDIENT
148,Rasmalai Cake (500 gm),KIT129,Rasmalai Cake(Cf) (500 gm) — kit,Kesar,0.01,gram,INGREDIENT
148,Rasmalai Cake (500 gm),KIT129,Rasmalai Cake(Cf) (500 gm) — kit,Gold leaf (Pcs),0.01,count,INGREDIENT
148,Rasmalai Cake (500 gm),KIT129,Rasmalai Cake(Cf) (500 gm) — kit,Milk Maid,7.5,gram,INGREDIENT
148,Rasmalai Cake (500 gm),KIT129,Rasmalai Cake(Cf) (500 gm) — kit,Pista,10,gram,INGREDIENT
148,Rasmalai Cake (500 gm),KIT129,Rasmalai Cake(Cf) (500 gm) — kit,Sugar Breakfast,7.6,gram,INGREDIENT
148,Rasmalai Cake (500 gm),KIT129,Rasmalai Cake(Cf) (500 gm) — kit,Glaze Neutral,10.14,gram,INGREDIENT
148,Rasmalai Cake (500 gm),KIT129,Rasmalai Cake(Cf) (500 gm) — kit,Rich Topping White Cream,137,gram,INGREDIENT
148,Rasmalai Cake (500 gm),KIT129,Rasmalai Cake(Cf) (500 gm) — kit,Base 1/2 kg (Pcs),1,count,PACKAGING
149,Rasmalai Tres Leches,KIT130,Rasmalai Tres Leches(Cf) — kit,Fresh Cream,33,ml,INGREDIENT
149,Rasmalai Tres Leches,KIT130,Rasmalai Tres Leches(Cf) — kit,Rasgulla,63,gram,INGREDIENT
149,Rasmalai Tres Leches,KIT130,Rasmalai Tres Leches(Cf) — kit,Milk,83,ml,INGREDIENT
149,Rasmalai Tres Leches,KIT130,Rasmalai Tres Leches(Cf) — kit,Pista Essence,0.1,ml,INGREDIENT
149,Rasmalai Tres Leches,KIT130,Rasmalai Tres Leches(Cf) — kit,Rich Wilber 35% Dairy Cream,5,gram,INGREDIENT
149,Rasmalai Tres Leches,KIT130,Rasmalai Tres Leches(Cf) — kit,Milk Maid,17,gram,INGREDIENT
149,Rasmalai Tres Leches,KIT130,Rasmalai Tres Leches(Cf) — kit,Pista,2,gram,INGREDIENT
149,Rasmalai Tres Leches,KIT130,Rasmalai Tres Leches(Cf) — kit,Almond,3,gram,INGREDIENT
149,Rasmalai Tres Leches,KIT130,Rasmalai Tres Leches(Cf) — kit,Silver Work,1,gram,INGREDIENT
149,Rasmalai Tres Leches,KIT130,Rasmalai Tres Leches(Cf) — kit,Rich Topping White Cream,5,gram,INGREDIENT
149,Rasmalai Tres Leches,KIT130,Rasmalai Tres Leches(Cf) — kit,Acrylic Dessert Cup 95*95*62 (Pcs),1,count,PACKAGING
154,Red Velvet Jar Cake (350 ml) (350 ML),KIT132,Red Velvet Jar Cake (350 ml) (CF) (350 ML) — kit,Sugar Icing,40,gram,INGREDIENT
154,Red Velvet Jar Cake (350 ml) (350 ML),KIT132,Red Velvet Jar Cake (350 ml) (CF) (350 ML) — kit,Rich Topping White Cream,146,gram,INGREDIENT
154,Red Velvet Jar Cake (350 ml) (350 ML),KIT132,Red Velvet Jar Cake (350 ml) (CF) (350 ML) — kit,Delecta Cream Cheese,98,gram,INGREDIENT
154,Red Velvet Jar Cake (350 ml) (350 ML),KIT132,Red Velvet Jar Cake (350 ml) (CF) (350 ML) — kit,Salsa Jar 350 ml (Pcs),6,count,PACKAGING
156,Rose Tres Leches (Pcs),KIT134,Rose Tres Leches(Dr) — kit,Fresh Cream,38,ml,INGREDIENT
156,Rose Tres Leches (Pcs),KIT134,Rose Tres Leches(Dr) — kit,Milk,75,ml,INGREDIENT
156,Rose Tres Leches (Pcs),KIT134,Rose Tres Leches(Dr) — kit,Rose Syrup,15,gram,INGREDIENT
156,Rose Tres Leches (Pcs),KIT134,Rose Tres Leches(Dr) — kit,Milk Maid,21.43,gram,INGREDIENT
156,Rose Tres Leches (Pcs),KIT134,Rose Tres Leches(Dr) — kit,Rose Petal,1,gram,INGREDIENT
156,Rose Tres Leches (Pcs),KIT134,Rose Tres Leches(Dr) — kit,Rich Topping White Cream,15.9,gram,INGREDIENT
156,Rose Tres Leches (Pcs),KIT134,Rose Tres Leches(Dr) — kit,Acrylic Dessert Cup 95*95*62 (Pcs),1,count,PACKAGING
157,Round Dense Loaf Tea cake (300 gm),KIT058,Dense Loaf Tea Cake(Pc) (300 GM) — kit,Premix-Chocolate Tea Cake,161.02,gram,INGREDIENT
157,Round Dense Loaf Tea cake (300 gm),KIT058,Dense Loaf Tea Cake(Pc) (300 GM) — kit,Van Houten Dark Chocolate (46.5%),106.3,gram,INGREDIENT
157,Round Dense Loaf Tea cake (300 gm),KIT058,Dense Loaf Tea Cake(Pc) (300 GM) — kit,Unsalted Butter,41,gram,INGREDIENT
157,Round Dense Loaf Tea cake (300 gm),KIT058,Dense Loaf Tea Cake(Pc) (300 GM) — kit,Milk,64.4,ml,INGREDIENT
157,Round Dense Loaf Tea cake (300 gm),KIT058,Dense Loaf Tea Cake(Pc) (300 GM) — kit,Refined Oil,8,ml,INGREDIENT
158,Set Of 2 Choco Chip Cream Cup Cake,KIT024,Buttercream Cup cake — kit,Rich Better Cream,50,gram,INGREDIENT
158,Set Of 2 Choco Chip Cream Cup Cake,KIT024,Buttercream Cup cake — kit,Unsalted Butter,50,gram,INGREDIENT
158,Set Of 2 Choco Chip Cream Cup Cake,KIT024,Buttercream Cup cake — kit,Filling- Blueberry Fruit (2.7 KG),16,gram,INGREDIENT
158,Set Of 2 Choco Chip Cream Cup Cake,KIT024,Buttercream Cup cake — kit,Sugar Icing,10,gram,INGREDIENT
159,Snicker Chocolate Cake (500 gm),KIT135,Snicker Chocolate Cake(Cf)  (500 GM) — kit,Cadbury Fuse (Pcs),11,count,INGREDIENT
159,Snicker Chocolate Cake (500 gm),KIT135,Snicker Chocolate Cake(Cf)  (500 GM) — kit,Glaze Neutral,110,gram,INGREDIENT
159,Snicker Chocolate Cake (500 gm),KIT135,Snicker Chocolate Cake(Cf)  (500 GM) — kit,Dark Compound,330,gram,INGREDIENT
159,Snicker Chocolate Cake (500 gm),KIT135,Snicker Chocolate Cake(Cf)  (500 GM) — kit,Rich Topping White Cream,385,gram,INGREDIENT
161,Stolen Bread,KIT137,Stolen Bread (PC) — kit,Milk,400,ml,INGREDIENT
161,Stolen Bread,KIT137,Stolen Bread (PC) — kit,Calcium,3.5,gram,INGREDIENT
161,Stolen Bread,KIT137,Stolen Bread (PC) — kit,Dry Yeast,60,gram,INGREDIENT
161,Stolen Bread,KIT137,Stolen Bread (PC) — kit,Glutin,10,gram,INGREDIENT
161,Stolen Bread,KIT137,Stolen Bread (PC) — kit,Salt,16,gram,INGREDIENT
161,Stolen Bread,KIT137,Stolen Bread (PC) — kit,Sugar Icing,320,gram,INGREDIENT
161,Stolen Bread,KIT137,Stolen Bread (PC) — kit,Elaichi Powder,4,gram,INGREDIENT
161,Stolen Bread,KIT137,Stolen Bread (PC) — kit,Unsalted Butter,920,gram,INGREDIENT
161,Stolen Bread,KIT137,Stolen Bread (PC) — kit,Vanilla Essence,5,ml,INGREDIENT
161,Stolen Bread,KIT137,Stolen Bread (PC) — kit,Sugar Breakfast,140,gram,INGREDIENT
161,Stolen Bread,KIT137,Stolen Bread (PC) — kit,Maida,1.2,kg,INGREDIENT
163,Strawberry Bento Cake,KIT138,Strawberry Bento cake (CF) — kit,Choco Coated Rice-8Mm,2,gram,INGREDIENT
163,Strawberry Bento Cake,KIT138,Strawberry Bento cake (CF) — kit,Delta Cb Paillete Feuilletine,2,gram,INGREDIENT
163,Strawberry Bento Cake,KIT138,Strawberry Bento cake (CF) — kit,Rich Topping White Cream,22.5,gram,INGREDIENT
163,Strawberry Bento Cake,KIT138,Strawberry Bento cake (CF) — kit,Bento Cake Base (Pcs),1,count,PACKAGING
164,Strawberry Cheese Verrine Cup (),KIT139,Strawberry Cheese Verrine Cup(Lr) — kit,Delta Hot Glaze,45,gram,INGREDIENT
164,Strawberry Cheese Verrine Cup (),KIT139,Strawberry Cheese Verrine Cup(Lr) — kit,Strawberry Puree,15,gram,INGREDIENT
164,Strawberry Cheese Verrine Cup (),KIT139,Strawberry Cheese Verrine Cup(Lr) — kit,Filling-Strawberry,60,gram,INGREDIENT
164,Strawberry Cheese Verrine Cup (),KIT139,Strawberry Cheese Verrine Cup(Lr) — kit,Sugar Icing,48,gram,INGREDIENT
164,Strawberry Cheese Verrine Cup (),KIT139,Strawberry Cheese Verrine Cup(Lr) — kit,Rich Topping White Cream,186,gram,INGREDIENT
164,Strawberry Cheese Verrine Cup (),KIT139,Strawberry Cheese Verrine Cup(Lr) — kit,Delecta Cream Cheese,120,gram,INGREDIENT
164,Strawberry Cheese Verrine Cup (),KIT139,Strawberry Cheese Verrine Cup(Lr) — kit,Fresh-Strawberry,30,gram,INGREDIENT
164,Strawberry Cheese Verrine Cup (),KIT139,Strawberry Cheese Verrine Cup(Lr) — kit,Breen Cup (Pcs),6,count,PACKAGING
165,Strawberry Classic Cake (500 GM),KIT140,Strawberry Classic Cake(Cf)  (500 GM) — kit,Filling-Vanilla,266.4,gram,INGREDIENT
165,Strawberry Classic Cake (500 GM),KIT140,Strawberry Classic Cake(Cf)  (500 GM) — kit,Milk Maid,132,gram,INGREDIENT
165,Strawberry Classic Cake (500 GM),KIT140,Strawberry Classic Cake(Cf)  (500 GM) — kit,Cashew,132,gram,INGREDIENT
165,Strawberry Classic Cake (500 GM),KIT140,Strawberry Classic Cake(Cf)  (500 GM) — kit,Craneberry,55,gram,INGREDIENT
165,Strawberry Classic Cake (500 GM),KIT140,Strawberry Classic Cake(Cf)  (500 GM) — kit,Rich Topping White Cream,975,gram,INGREDIENT
165,Strawberry Classic Cake (500 GM),KIT140,Strawberry Classic Cake(Cf)  (500 GM) — kit,Base 1/2 kg (Pcs),11,count,PACKAGING
166,Strawberry Classic Pastry,KIT146,Strawberry classic Pastry (CF) — kit,Filling-Vanilla,252.27,gram,INGREDIENT
166,Strawberry Classic Pastry,KIT146,Strawberry classic Pastry (CF) — kit,Milk Maid,128.47,gram,INGREDIENT
166,Strawberry Classic Pastry,KIT146,Strawberry classic Pastry (CF) — kit,Topfill Strawberry,518.13,gram,INGREDIENT
166,Strawberry Classic Pastry,KIT146,Strawberry classic Pastry (CF) — kit,Rich Topping White Cream,923,gram,INGREDIENT
167,Strawberry Compote,KIT141,Strawberry Compote(Cf) — kit,Delta Hot Glaze,100,gram,INGREDIENT
167,Strawberry Compote,KIT141,Strawberry Compote(Cf) — kit,Water,7.5,gram,INGREDIENT
167,Strawberry Compote,KIT141,Strawberry Compote(Cf) — kit,Citric Acid,0.9,gram,INGREDIENT
167,Strawberry Compote,KIT141,Strawberry Compote(Cf) — kit,Glucose,75,ml,INGREDIENT
167,Strawberry Compote,KIT141,Strawberry Compote(Cf) — kit,Pectin,1.5,gram,INGREDIENT
167,Strawberry Compote,KIT141,Strawberry Compote(Cf) — kit,Corn Flour,3,gram,INGREDIENT
167,Strawberry Compote,KIT141,Strawberry Compote(Cf) — kit,Frozen Strawberry,400,gram,INGREDIENT
167,Strawberry Compote,KIT141,Strawberry Compote(Cf) — kit,Strawberry Essence,0.9,gram,INGREDIENT
167,Strawberry Compote,KIT141,Strawberry Compote(Cf) — kit,Sugar,75,gram,INGREDIENT
167,Strawberry Compote,KIT141,Strawberry Compote(Cf) — kit,Fresh-Strawberry,450,gram,INGREDIENT
168,Strawberry Jar Cake,KIT142,Strawberry Jar Cake(Cf) — kit,Filling- Strawberry Fruit,240,gram,INGREDIENT
168,Strawberry Jar Cake,KIT142,Strawberry Jar Cake(Cf) — kit,Rich Topping White Cream,240,gram,INGREDIENT
168,Strawberry Jar Cake,KIT142,Strawberry Jar Cake(Cf) — kit,Salsa Jar 200 ml (Pcs),6,count,PACKAGING
169,Strawberry Mini Dessert,KIT143,Strawberry Mini Dessert (DR) — kit,Cocoa Butter,12,gram,INGREDIENT
169,Strawberry Mini Dessert,KIT143,Strawberry Mini Dessert (DR) — kit,Raspberry Chocolate,12,gram,INGREDIENT
169,Strawberry Mini Dessert,KIT143,Strawberry Mini Dessert (DR) — kit,Milk,204,ml,INGREDIENT
169,Strawberry Mini Dessert,KIT143,Strawberry Mini Dessert (DR) — kit,White Compound,112,gram,INGREDIENT
169,Strawberry Mini Dessert,KIT143,Strawberry Mini Dessert (DR) — kit,Corn Flour,20,gram,INGREDIENT
169,Strawberry Mini Dessert,KIT143,Strawberry Mini Dessert (DR) — kit,Fondant-Green,20,gram,INGREDIENT
170,Strawberry Pastry,KIT144,Strawberry Pastry(Cf) — kit,Rich Topping White Cream,373,gram,INGREDIENT
171,Strawberry Velvet Cake (500 gm),KIT145,Strawberry Velvet Cake(Cf) (500 GM) — kit,Delta Hot Glaze,22.5,gram,INGREDIENT
171,Strawberry Velvet Cake (500 gm),KIT145,Strawberry Velvet Cake(Cf) (500 GM) — kit,White Compound,50,gram,INGREDIENT
171,Strawberry Velvet Cake (500 gm),KIT145,Strawberry Velvet Cake(Cf) (500 GM) — kit,Strawberry Puree,7.5,gram,INGREDIENT
171,Strawberry Velvet Cake (500 gm),KIT145,Strawberry Velvet Cake(Cf) (500 GM) — kit,Filling- Strawberry Fruit,7.7,gram,INGREDIENT
171,Strawberry Velvet Cake (500 gm),KIT145,Strawberry Velvet Cake(Cf) (500 GM) — kit,Sugar Icing,21,gram,INGREDIENT
171,Strawberry Velvet Cake (500 gm),KIT145,Strawberry Velvet Cake(Cf) (500 GM) — kit,Glaze Neutral,60,gram,INGREDIENT
171,Strawberry Velvet Cake (500 gm),KIT145,Strawberry Velvet Cake(Cf) (500 GM) — kit,Rich Topping White Cream,153,gram,INGREDIENT
171,Strawberry Velvet Cake (500 gm),KIT145,Strawberry Velvet Cake(Cf) (500 GM) — kit,Fresh-Strawberry,100,gram,INGREDIENT
171,Strawberry Velvet Cake (500 gm),KIT145,Strawberry Velvet Cake(Cf) (500 GM) — kit,Delecta Cream Cheese,52,gram,INGREDIENT
171,Strawberry Velvet Cake (500 gm),KIT145,Strawberry Velvet Cake(Cf) (500 GM) — kit,Base 1/2 kg (Pcs),1,count,PACKAGING
172,Thandai Cake (500 gm),KIT148,Thandai Cake(Cf)  (500 GM) — kit,Milk,66,ml,INGREDIENT
172,Thandai Cake (500 gm),KIT148,Thandai Cake(Cf)  (500 GM) — kit,Milk Maid,8,gram,INGREDIENT
172,Thandai Cake (500 gm),KIT148,Thandai Cake(Cf)  (500 GM) — kit,Pista,10,gram,INGREDIENT
172,Thandai Cake (500 gm),KIT148,Thandai Cake(Cf)  (500 GM) — kit,Almond,40,gram,INGREDIENT
172,Thandai Cake (500 gm),KIT148,Thandai Cake(Cf)  (500 GM) — kit,Rose Petal,1,gram,INGREDIENT
172,Thandai Cake (500 gm),KIT148,Thandai Cake(Cf)  (500 GM) — kit,Thandai Powder,10.5,gram,INGREDIENT
172,Thandai Cake (500 gm),KIT148,Thandai Cake(Cf)  (500 GM) — kit,Rich Topping White Cream,70,gram,INGREDIENT
172,Thandai Cake (500 gm),KIT148,Thandai Cake(Cf)  (500 GM) — kit,Silver Work,0.05,gram,INGREDIENT
172,Thandai Cake (500 gm),KIT148,Thandai Cake(Cf)  (500 GM) — kit,Base 1/2 kg (Pcs),1,count,PACKAGING
173,Tiramisu Cake (500 gm),KIT149,Tiramisu Cake (Cf) (500 Gm) — kit,Water,53.75,gram,INGREDIENT
173,Tiramisu Cake (500 gm),KIT149,Tiramisu Cake (Cf) (500 Gm) — kit,Delecta Cheese cake Topping,160,gram,INGREDIENT
173,Tiramisu Cake (500 gm),KIT149,Tiramisu Cake (Cf) (500 Gm) — kit,Milk,74.7,ml,INGREDIENT
173,Tiramisu Cake (500 gm),KIT149,Tiramisu Cake (Cf) (500 Gm) — kit,Delecta Mousse Mix,74.7,gram,INGREDIENT
173,Tiramisu Cake (500 gm),KIT149,Tiramisu Cake (Cf) (500 Gm) — kit,Cocoa Powder,6,gram,INGREDIENT
173,Tiramisu Cake (500 gm),KIT149,Tiramisu Cake (Cf) (500 Gm) — kit,Delecta Mascarpone Cheese,80,gram,INGREDIENT
173,Tiramisu Cake (500 gm),KIT149,Tiramisu Cake (Cf) (500 Gm) — kit,Nescafe Classic,8.42,gram,INGREDIENT
173,Tiramisu Cake (500 gm),KIT149,Tiramisu Cake (Cf) (500 Gm) — kit,Rum,7.8,ml,INGREDIENT
173,Tiramisu Cake (500 gm),KIT149,Tiramisu Cake (Cf) (500 Gm) — kit,Sugar Breakfast,11.25,gram,INGREDIENT
173,Tiramisu Cake (500 gm),KIT149,Tiramisu Cake (Cf) (500 Gm) — kit,Base 1/2 kg (Pcs),1,count,PACKAGING
174,Tiramisu Party Tub,KIT150,Tiramisu Party Tub (DR) — kit,Water,228,gram,INGREDIENT
174,Tiramisu Party Tub,KIT150,Tiramisu Party Tub (DR) — kit,Delecta Cheese cake Topping,132,gram,INGREDIENT
174,Tiramisu Party Tub,KIT150,Tiramisu Party Tub (DR) — kit,Milk,62,ml,INGREDIENT
174,Tiramisu Party Tub,KIT150,Tiramisu Party Tub (DR) — kit,Delecta Mousse Mix,62,gram,INGREDIENT
174,Tiramisu Party Tub,KIT150,Tiramisu Party Tub (DR) — kit,Delecta Mascarpone Cheese,66,gram,INGREDIENT
174,Tiramisu Party Tub,KIT150,Tiramisu Party Tub (DR) — kit,Nescafe Classic,32,gram,INGREDIENT
174,Tiramisu Party Tub,KIT150,Tiramisu Party Tub (DR) — kit,Rum,15,ml,INGREDIENT
174,Tiramisu Party Tub,KIT150,Tiramisu Party Tub (DR) — kit,Sugar Breakfast,48,gram,INGREDIENT
174,Tiramisu Party Tub,KIT150,Tiramisu Party Tub (DR) — kit,Acrylic Deesert Party Box (Pcs),1,count,PACKAGING
175,Tiramisu Pastry Tub (Pcs),KIT151,Tiramisu Pastry Tub (Cf) (PCS) — kit,Water,40,gram,INGREDIENT
175,Tiramisu Pastry Tub (Pcs),KIT151,Tiramisu Pastry Tub (Cf) (PCS) — kit,Delecta Cheese cake Topping,37.9,gram,INGREDIENT
175,Tiramisu Pastry Tub (Pcs),KIT151,Tiramisu Pastry Tub (Cf) (PCS) — kit,Milk,17.7,ml,INGREDIENT
175,Tiramisu Pastry Tub (Pcs),KIT151,Tiramisu Pastry Tub (Cf) (PCS) — kit,Delecta Mousse Mix,17.7,gram,INGREDIENT
175,Tiramisu Pastry Tub (Pcs),KIT151,Tiramisu Pastry Tub (Cf) (PCS) — kit,Delecta Mascarpone Cheese,18.9,gram,INGREDIENT
175,Tiramisu Pastry Tub (Pcs),KIT151,Tiramisu Pastry Tub (Cf) (PCS) — kit,Cocoa Powder,2.5,gram,INGREDIENT
175,Tiramisu Pastry Tub (Pcs),KIT151,Tiramisu Pastry Tub (Cf) (PCS) — kit,Nescafe Classic,5,gram,INGREDIENT
175,Tiramisu Pastry Tub (Pcs),KIT151,Tiramisu Pastry Tub (Cf) (PCS) — kit,Rum,3,ml,INGREDIENT
175,Tiramisu Pastry Tub (Pcs),KIT151,Tiramisu Pastry Tub (Cf) (PCS) — kit,Sugar Breakfast,8,gram,INGREDIENT
175,Tiramisu Pastry Tub (Pcs),KIT151,Tiramisu Pastry Tub (Cf) (PCS) — kit,Crystal Box (Pcs),1,count,PACKAGING
176,Trio Cake (500 gm(Reg),KIT152,Trio Cake(Dr) — kit,Water,604,gram,INGREDIENT
176,Trio Cake (500 gm(Reg),KIT152,Trio Cake(Dr) — kit,Van Houten Dark Chocolate (46.5%),1.55,kg,INGREDIENT
176,Trio Cake (500 gm(Reg),KIT152,Trio Cake(Dr) — kit,Egg (Pcs),40,count,INGREDIENT
176,Trio Cake (500 gm(Reg),KIT152,Trio Cake(Dr) — kit,Vanleer Milk Compound,2.05,kg,INGREDIENT
176,Trio Cake (500 gm(Reg),KIT152,Trio Cake(Dr) — kit,Van Houtan White Chocolate,1.55,kg,INGREDIENT
176,Trio Cake (500 gm(Reg),KIT152,Trio Cake(Dr) — kit,Gelatin,201,gram,INGREDIENT
176,Trio Cake (500 gm(Reg),KIT152,Trio Cake(Dr) — kit,Vanilla Essence,31,ml,INGREDIENT
176,Trio Cake (500 gm(Reg),KIT152,Trio Cake(Dr) — kit,Sugar Breakfast,350,gram,INGREDIENT
176,Trio Cake (500 gm(Reg),KIT152,Trio Cake(Dr) — kit,Rich Topping White Cream,4.93,kg,INGREDIENT
176,Trio Cake (500 gm(Reg),KIT152,Trio Cake(Dr) — kit,Base 1/2 kg (Pcs),25,count,PACKAGING
177,Trio Cupcake (-(Reg),KIT153,Trio Cupcake(Dr) — kit,Gelatin,4.5,gram,INGREDIENT
177,Trio Cupcake (-(Reg),KIT153,Trio Cupcake(Dr) — kit,Van Houten Dark Chocolate (46.5%),52,gram,INGREDIENT
177,Trio Cupcake (-(Reg),KIT153,Trio Cupcake(Dr) — kit,Egg (Pcs),1.68,count,INGREDIENT
177,Trio Cupcake (-(Reg),KIT153,Trio Cupcake(Dr) — kit,Vanilla Essence,0.04,ml,INGREDIENT
177,Trio Cupcake (-(Reg),KIT153,Trio Cupcake(Dr) — kit,Van Houtan Milk Chocolate,62,gram,INGREDIENT
177,Trio Cupcake (-(Reg),KIT153,Trio Cupcake(Dr) — kit,Van Houtan White Chocolate,73,gram,INGREDIENT
177,Trio Cupcake (-(Reg),KIT153,Trio Cupcake(Dr) — kit,Sugar Breakfast,107,gram,INGREDIENT
177,Trio Cupcake (-(Reg),KIT153,Trio Cupcake(Dr) — kit,Choco Coated Rice Crispy-3Mm,1,gram,INGREDIENT
177,Trio Cupcake (-(Reg),KIT153,Trio Cupcake(Dr) — kit,Rich Topping White Cream,196,gram,INGREDIENT
177,Trio Cupcake (-(Reg),KIT153,Trio Cupcake(Dr) — kit,Breen Cup (Pcs),6,count,PACKAGING
178,Vanilla Blueberry Cake (500 GM),KIT155,Vanilla Blueberry Cake(Cf)  (500 GM) — kit,Fresh Cream,282.1,ml,INGREDIENT
178,Vanilla Blueberry Cake (500 GM),KIT155,Vanilla Blueberry Cake(Cf)  (500 GM) — kit,Filling- Blueberry Fruit (2.7 KG),294.03,gram,INGREDIENT
178,Vanilla Blueberry Cake (500 GM),KIT155,Vanilla Blueberry Cake(Cf)  (500 GM) — kit,Color-Purple,6.6,ml,INGREDIENT
178,Vanilla Blueberry Cake (500 GM),KIT155,Vanilla Blueberry Cake(Cf)  (500 GM) — kit,Rich Topping White Cream,306,gram,INGREDIENT
178,Vanilla Blueberry Cake (500 GM),KIT155,Vanilla Blueberry Cake(Cf)  (500 GM) — kit,Base 1/2 kg (Pcs),11,count,PACKAGING
179,Vanilla Cup Cake,KIT156,Vanilla Cup Cake(Cf) — kit,Filling-Vanilla,24.22,gram,INGREDIENT
179,Vanilla Cup Cake,KIT156,Vanilla Cup Cake(Cf) — kit,Rich Topping White Cream,63,gram,INGREDIENT
183,Yule Cake,KIT157,Yule Cake — kit,Snow Sugar,10,gram,INGREDIENT
183,Yule Cake,KIT157,Yule Cake — kit,Raspberry Chocolate,5,gram,INGREDIENT
183,Yule Cake,KIT157,Yule Cake — kit,White Compound,5,gram,INGREDIENT
183,Yule Cake,KIT157,Yule Cake — kit,Nutella (null),60,gram,INGREDIENT
183,Yule Cake,KIT157,Yule Cake — kit,Pista Chocolate,10,gram,INGREDIENT
183,Yule Cake,KIT157,Yule Cake — kit,Butterscotch Crunch,15,gram,INGREDIENT
183,Yule Cake,KIT157,Yule Cake — kit,Base 1/2 kg (Pcs),1,count,PACKAGING
